ref,ref_num,img,img_num,comp,qual,mos,cer,cer_comp
SCI01,1,SCI01_1_1,1,1,1,64.40449953,0.11472011057360056,88.52798894263995
SCI01,1,SCI01_1_2,1,1,2,50.77260091,0.1216309606081548,87.83690393918452
SCI01,1,SCI01_1_3,1,1,3,45.00483863,0.12370421561852107,87.62957843814789
SCI01,1,SCI01_1_4,1,1,4,32.49257514,0.12508638562543192,87.4913614374568
SCI01,1,SCI01_1_5,1,1,5,28.45834456,0.12923289564616447,87.07671043538355
SCI01,1,SCI01_2_1,1,2,1,62.24743284,0.1111111111111111,88.88888888888889
SCI01,1,SCI01_2_2,1,2,2,51.13917862,0.12250516173434274,87.74948382656572
SCI01,1,SCI01_2_3,1,2,3,42.52097411,0.1321403991741225,86.78596008258775
SCI01,1,SCI01_2_4,1,2,4,38.20999698,0.1243953006219765,87.56046993780235
SCI01,1,SCI01_2_5,1,2,5,28.71618937,0.3178991015894955,68.21008984105045
SCI01,1,SCI01_3_1,1,3,1,61.60698317,0.13199723565998617,86.80027643400139
SCI01,1,SCI01_3_2,1,3,2,46.69337909,0.15411195577055978,84.58880442294402
SCI01,1,SCI01_3_3,1,3,3,43.27434201,0.26399447131997233,73.60055286800277
SCI01,1,SCI01_3_4,1,3,4,33.20190761,0.8092605390463027,19.07394609536973
SCI01,1,SCI01_3_5,1,3,5,26.31585083,0.8818244644091223,11.817553559087768
SCI01,1,SCI01_4_1,1,4,1,39.00028178,0.12638121546961326,87.36187845303867
SCI01,1,SCI01_4_2,1,4,2,50.52505924,0.11472011057360056,88.52798894263995
SCI01,1,SCI01_4_3,1,4,3,61.28836247,0.12223756906077347,87.77624309392266
SCI01,1,SCI01_4_4,1,4,4,56.32828354,0.1188666205943331,88.1133379405667
SCI01,1,SCI01_4_5,1,4,5,56.36849054,0.12585969738651995,87.414030261348
SCI01,1,SCI01_5_1,1,5,1,72.23745795,0.12093987560469938,87.90601243953007
SCI01,1,SCI01_5_2,1,5,2,64.32150091,0.11817553559087768,88.18244644091223
SCI01,1,SCI01_5_3,1,5,3,50.45757683,0.11333794056668971,88.66620594333104
SCI01,1,SCI01_5_4,1,5,4,40.43060296,0.12749827705031014,87.25017229496899
SCI01,1,SCI01_5_5,1,5,5,38.55535786,0.16378714581893572,83.62128541810642
SCI01,1,SCI01_6_1,1,6,1,70.39492611,0.1188666205943331,88.1133379405667
SCI01,1,SCI01_6_2,1,6,2,63.11882855,0.12292817679558012,87.70718232044199
SCI01,1,SCI01_6_3,1,6,3,47.51259948,0.11679336558396683,88.32066344160332
SCI01,1,SCI01_6_4,1,6,4,43.91350926,0.12508638562543192,87.4913614374568
SCI01,1,SCI01_6_5,1,6,5,31.89943145,0.14236351071181755,85.76364892881824
SCI01,1,SCI01_7_1,1,7,1,70.52851113,0.11472011057360056,88.52798894263995
SCI01,1,SCI01_7_2,1,7,2,62.26727364,0.11748445058742225,88.25155494125777
SCI01,1,SCI01_7_3,1,7,3,57.42545143,0.11679336558396683,88.32066344160332
SCI01,1,SCI01_7_4,1,7,4,48.3171817,0.11402902557014513,88.59709744298549
SCI01,1,SCI01_7_5,1,7,5,44.08148903,0.11748445058742225,88.25155494125777
SCI01,1,SCI01_8_1,1,8,1,75.2901966,0.11472011057360056,88.52798894263995
SCI01,1,SCI01_8_2,1,8,2,71.22782817,0.1161022805805114,88.38977194194885
SCI01,1,SCI01_8_3,1,8,3,63.05305472,0.11541119557705598,88.4588804422944
SCI01,1,SCI01_8_4,1,8,4,64.22491367,0.1188666205943331,88.1133379405667
SCI01,1,SCI01_8_5,1,8,5,45.59856558,0.1216309606081548,87.83690393918452
SCI01,1,SCI01_9_1,1,9,1,73.41571669,0.11541119557705598,88.4588804422944
SCI01,1,SCI01_9_2,1,9,2,66.57966601,0.1161022805805114,88.38977194194885
SCI01,1,SCI01_9_3,1,9,3,59.37847355,0.11740331491712708,88.25966850828729
SCI01,1,SCI01_9_4,1,9,4,46.51354987,0.11947513812154696,88.0524861878453
SCI01,1,SCI01_9_5,1,9,5,42.80475778,0.12093987560469938,87.90601243953007
SCI02,2,SCI02_1_1,2,1,1,67.29721451,,
SCI02,2,SCI02_1_2,2,1,2,56.16891873,,
SCI02,2,SCI02_1_3,2,1,3,51.04054963,,
SCI02,2,SCI02_1_4,2,1,4,36.70846106,,
SCI02,2,SCI02_1_5,2,1,5,29.26427273,,
SCI02,2,SCI02_2_1,2,2,1,55.61446539,,
SCI02,2,SCI02_2_2,2,2,2,48.62565118,,
SCI02,2,SCI02_2_3,2,2,3,38.60444711,,
SCI02,2,SCI02_2_4,2,2,4,34.1398393,,
SCI02,2,SCI02_2_5,2,2,5,28.82143408,,
SCI02,2,SCI02_3_1,2,3,1,56.15462806,,
SCI02,2,SCI02_3_2,2,3,2,37.38436473,,
SCI02,2,SCI02_3_3,2,3,3,31.00479816,,
SCI02,2,SCI02_3_4,2,3,4,29.41201764,,
SCI02,2,SCI02_3_5,2,3,5,27.56240449,,
SCI02,2,SCI02_4_1,2,4,1,38.22515919,,
SCI02,2,SCI02_4_2,2,4,2,50.2659264,,
SCI02,2,SCI02_4_3,2,4,3,57.19487586,,
SCI02,2,SCI02_4_4,2,4,4,54.42636283,,
SCI02,2,SCI02_4_5,2,4,5,48.21482308,,
SCI02,2,SCI02_5_1,2,5,1,67.14448277,,
SCI02,2,SCI02_5_2,2,5,2,58.9186885,,
SCI02,2,SCI02_5_3,2,5,3,54.41952858,,
SCI02,2,SCI02_5_4,2,5,4,36.01963014,,
SCI02,2,SCI02_5_5,2,5,5,33.93255213,,
SCI02,2,SCI02_6_1,2,6,1,74.18100898,,
SCI02,2,SCI02_6_2,2,6,2,71.04893315,,
SCI02,2,SCI02_6_3,2,6,3,50.29312188,,
SCI02,2,SCI02_6_4,2,6,4,39.62625601,,
SCI02,2,SCI02_6_5,2,6,5,32.56783416,,
SCI02,2,SCI02_7_1,2,7,1,73.47722564,,
SCI02,2,SCI02_7_2,2,7,2,68.61645985,,
SCI02,2,SCI02_7_3,2,7,3,62.7592753,,
SCI02,2,SCI02_7_4,2,7,4,54.8680718,,
SCI02,2,SCI02_7_5,2,7,5,48.22907619,,
SCI02,2,SCI02_8_1,2,8,1,74.73528785,,
SCI02,2,SCI02_8_2,2,8,2,74.34960089,,
SCI02,2,SCI02_8_3,2,8,3,70.94816803,,
SCI02,2,SCI02_8_4,2,8,4,72.26719379,,
SCI02,2,SCI02_8_5,2,8,5,49.97364746,,
SCI02,2,SCI02_9_1,2,9,1,71.6466893,,
SCI02,2,SCI02_9_2,2,9,2,73.65842812,,
SCI02,2,SCI02_9_3,2,9,3,71.94932227,,
SCI02,2,SCI02_9_4,2,9,4,56.62783853,,
SCI02,2,SCI02_9_5,2,9,5,47.88141656,,
SCI03,3,SCI03_1_1,3,1,1,62.70532762,0.16213847502191062,83.78615249780894
SCI03,3,SCI03_1_2,3,1,2,45.28611007,0.13672217353198948,86.32778264680105
SCI03,3,SCI03_1_3,3,1,3,40.54332596,0.13584574934268187,86.41542506573181
SCI03,3,SCI03_1_4,3,1,4,31.87244823,0.18492550394390886,81.50744960560911
SCI03,3,SCI03_1_5,3,1,5,28.98922561,0.287467134092901,71.2532865907099
SCI03,3,SCI03_2_1,3,2,1,53.07137579,0.1481156879929886,85.18843120070115
SCI03,3,SCI03_2_2,3,2,2,47.16882989,0.16827344434706398,83.17265556529361
SCI03,3,SCI03_2_3,3,2,3,32.6340128,0.2541630148992112,74.58369851007888
SCI03,3,SCI03_2_4,3,2,4,29.6814857,0.3987730061349693,60.12269938650307
SCI03,3,SCI03_2_5,3,2,5,25.96513002,0.9553023663453112,4.469763365468882
SCI03,3,SCI03_3_1,3,3,1,57.19433159,0.16301489921121823,83.69851007887817
SCI03,3,SCI03_3_2,3,3,2,45.33518267,0.4084136722173532,59.158632778264675
SCI03,3,SCI03_3_3,3,3,3,32.0043003,0.838737949167397,16.126205083260302
SCI03,3,SCI03_3_4,3,3,4,27.42462933,0.8089395267309377,19.10604732690623
SCI03,3,SCI03_3_5,3,3,5,27.48082028,0.887817703768624,11.2182296231376
SCI03,3,SCI03_4_1,3,4,1,36.33595608,0.17440841367221735,82.55915863277826
SCI03,3,SCI03_4_2,3,4,2,53.01825837,0.17791411042944785,82.20858895705521
SCI03,3,SCI03_4_3,3,4,3,58.33738734,0.17002629272567923,82.99737072743207
SCI03,3,SCI03_4_4,3,4,4,55.42948859,0.17177914110429449,82.82208588957054
SCI03,3,SCI03_4_5,3,4,5,49.94708808,0.16301489921121823,83.69851007887817
SCI03,3,SCI03_5_1,3,5,1,66.7372086,0.18054338299737072,81.94566170026293
SCI03,3,SCI03_5_2,3,5,2,64.8327943,0.175284837861525,82.4715162138475
SCI03,3,SCI03_5_3,3,5,3,51.6895431,0.14548641542506574,85.45135845749343
SCI03,3,SCI03_5_4,3,5,4,36.39493691,0.32340052585451357,67.65994741454864
SCI03,3,SCI03_5_5,3,5,5,26.50418742,0.4864154250657318,51.358457493426826
SCI03,3,SCI03_6_1,3,6,1,71.51437251,0.16476774758983348,83.52322524101665
SCI03,3,SCI03_6_2,3,6,2,66.4477194,0.18580192813321647,81.41980718667836
SCI03,3,SCI03_6_3,3,6,3,49.66133156,0.17090271691498685,82.90972830850131
SCI03,3,SCI03_6_4,3,6,4,44.6218643,0.16038562664329536,83.96143733567047
SCI03,3,SCI03_6_5,3,6,5,32.27058588,0.18229623137598597,81.7703768624014
SCI03,3,SCI03_7_1,3,7,1,74.07773182,0.17353198948290974,82.64680105170903
SCI03,3,SCI03_7_2,3,7,2,69.37727425,0.18141980718667836,81.85801928133216
SCI03,3,SCI03_7_3,3,7,3,63.66553742,0.17791411042944785,82.20858895705521
SCI03,3,SCI03_7_4,3,7,4,57.61281132,0.17703768624014024,82.29623137598597
SCI03,3,SCI03_7_5,3,7,5,48.43227975,0.1691498685363716,83.08501314636284
SCI03,3,SCI03_8_1,3,8,1,74.38565307,0.17353198948290974,82.64680105170903
SCI03,3,SCI03_8_2,3,8,2,67.98061734,0.18054338299737072,81.94566170026293
SCI03,3,SCI03_8_3,3,8,3,63.61890767,0.18141980718667836,81.85801928133216
SCI03,3,SCI03_8_4,3,8,4,50.08029678,0.16389132340052587,83.6108676599474
SCI03,3,SCI03_8_5,3,8,5,36.30124175,0.24364592462751972,75.63540753724803
SCI03,3,SCI03_9_1,3,9,1,66.99790544,0.1761612620508326,82.38387379491674
SCI03,3,SCI03_9_2,3,9,2,62.31236829,0.1831726555652936,81.68273444347064
SCI03,3,SCI03_9_3,3,9,3,60.02884767,0.1831726555652936,81.68273444347064
SCI03,3,SCI03_9_4,3,9,4,34.77882766,0.17703768624014024,82.29623137598597
SCI03,3,SCI03_9_5,3,9,5,33.09014365,0.15425065731814197,84.57493426818581
SCI04,4,SCI04_1_1,4,1,1,67.76944373,0.20245398773006135,79.75460122699387
SCI04,4,SCI04_1_2,4,1,2,55.51527101,0.1291759465478842,87.08240534521158
SCI04,4,SCI04_1_3,4,1,3,45.55747342,0.029925187032418952,97.0074812967581
SCI04,4,SCI04_1_4,4,1,4,31.43125571,0.010126582278481013,98.9873417721519
SCI04,4,SCI04_1_5,4,1,5,30.63541506,0.015189873417721518,98.48101265822785
SCI04,4,SCI04_2_1,4,2,1,61.54200896,0.19421487603305784,80.57851239669421
SCI04,4,SCI04_2_2,4,2,2,49.70459472,0.09133489461358314,90.86651053864169
SCI04,4,SCI04_2_3,4,2,3,44.17771287,0.012658227848101266,98.73417721518987
SCI04,4,SCI04_2_4,4,2,4,38.59534394,0.02531645569620253,97.46835443037975
SCI04,4,SCI04_2_5,4,2,5,39.75113115,0.060759493670886074,93.92405063291139
SCI04,4,SCI04_3_1,4,3,1,59.50951663,0.08450704225352113,91.54929577464789
SCI04,4,SCI04_3_2,4,3,2,45.64762019,0.0535279805352798,94.64720194647201
SCI04,4,SCI04_3_3,4,3,3,41.11044708,0.020253164556962026,97.9746835443038
SCI04,4,SCI04_3_4,4,3,4,37.06411754,0.05822784810126582,94.17721518987342
SCI04,4,SCI04_3_5,4,3,5,35.07813896,0.2,80.0
SCI04,4,SCI04_4_1,4,4,1,43.6729284,0.11212814645308924,88.78718535469108
SCI04,4,SCI04_4_2,4,4,2,49.53053983,0.23828125,76.171875
SCI04,4,SCI04_4_3,4,4,3,52.34145389,0.22529644268774704,77.4703557312253
SCI04,4,SCI04_4_4,4,4,4,53.07581983,0.2378167641325536,76.21832358674465
SCI04,4,SCI04_4_5,4,4,5,41.94703792,0.218,78.2
SCI04,4,SCI04_5_1,4,5,1,70.57076945,0.15517241379310345,84.48275862068965
SCI04,4,SCI04_5_2,4,5,2,66.22431753,0.0625,93.75
SCI04,4,SCI04_5_3,4,5,3,53.69814414,0.020151133501259445,97.98488664987406
SCI04,4,SCI04_5_4,4,5,4,40.05655277,0.02278481012658228,97.72151898734177
SCI04,4,SCI04_5_5,4,5,5,32.50663247,0.04556962025316456,95.44303797468355
SCI04,4,SCI04_6_1,4,6,1,73.90662421,0.2378167641325536,76.21832358674465
SCI04,4,SCI04_6_2,4,6,2,72.84337767,0.20408163265306123,79.59183673469387
SCI04,4,SCI04_6_3,4,6,3,58.15596846,0.15766738660907129,84.23326133909286
SCI04,4,SCI04_6_4,4,6,4,49.50637287,0.04878048780487805,95.1219512195122
SCI04,4,SCI04_6_5,4,6,5,38.27244297,0.04433497536945813,95.56650246305418
SCI04,4,SCI04_7_1,4,7,1,71.48549686,0.236328125,76.3671875
SCI04,4,SCI04_7_2,4,7,2,65.11553716,0.236328125,76.3671875
SCI04,4,SCI04_7_3,4,7,3,62.19536098,0.23586744639376217,76.41325536062378
SCI04,4,SCI04_7_4,4,7,4,56.33879465,0.236328125,76.3671875
SCI04,4,SCI04_7_5,4,7,5,49.97164656,0.234375,76.5625
SCI04,4,SCI04_8_1,4,8,1,75.01372374,0.23333333333333334,76.66666666666666
SCI04,4,SCI04_8_2,4,8,2,70.61843652,0.16808510638297872,83.19148936170212
SCI04,4,SCI04_8_3,4,8,3,61.44493834,0.11502347417840375,88.49765258215963
SCI04,4,SCI04_8_4,4,8,4,55.528628,0.07159904534606205,92.84009546539379
SCI04,4,SCI04_8_5,4,8,5,39.44648548,0.017721518987341773,98.22784810126582
SCI04,4,SCI04_9_1,4,9,1,72.80513463,0.22529644268774704,77.4703557312253
SCI04,4,SCI04_9_2,4,9,2,71.99334775,0.2407766990291262,75.92233009708738
SCI04,4,SCI04_9_3,4,9,3,73.54142387,0.20040899795501022,79.95910020449898
SCI04,4,SCI04_9_4,4,9,4,68.45994937,0.08411214953271028,91.58878504672897
SCI04,4,SCI04_9_5,4,9,5,39.99805272,0.06698564593301436,93.30143540669856
SCI05,5,SCI05_1_1,5,1,1,61.39608939,0.0189873417721519,98.10126582278481
SCI05,5,SCI05_1_2,5,1,2,48.85258858,0.04113924050632911,95.88607594936708
SCI05,5,SCI05_1_3,5,1,3,46.31596433,0.015822784810126583,98.41772151898735
SCI05,5,SCI05_1_4,5,1,4,36.79643053,0.03322784810126582,96.67721518987342
SCI05,5,SCI05_1_5,5,1,5,29.10093918,0.04588607594936709,95.41139240506328
SCI05,5,SCI05_2_1,5,2,1,63.35563584,0.06487341772151899,93.5126582278481
SCI05,5,SCI05_2_2,5,2,2,52.42226088,0.061708860759493674,93.82911392405063
SCI05,5,SCI05_2_3,5,2,3,53.01504492,0.04588607594936709,95.41139240506328
SCI05,5,SCI05_2_4,5,2,4,46.88077237,0.04746835443037975,95.25316455696202
SCI05,5,SCI05_2_5,5,2,5,37.83685649,0.055379746835443035,94.4620253164557
SCI05,5,SCI05_3_1,5,3,1,61.41852937,0.07120253164556962,92.87974683544303
SCI05,5,SCI05_3_2,5,3,2,47.679238,0.09968354430379747,90.03164556962025
SCI05,5,SCI05_3_3,5,3,3,47.80351791,0.10443037974683544,89.55696202531645
SCI05,5,SCI05_3_4,5,3,4,40.70980356,0.14082278481012658,85.91772151898735
SCI05,5,SCI05_3_5,5,3,5,34.45231737,0.5395569620253164,46.04430379746836
SCI05,5,SCI05_4_1,5,4,1,45.04622131,0.06929133858267716,93.07086614173228
SCI05,5,SCI05_4_2,5,4,2,53.47084942,0.06645569620253164,93.35443037974683
SCI05,5,SCI05_4_3,5,4,3,62.61173765,0.05379746835443038,94.62025316455697
SCI05,5,SCI05_4_4,5,4,4,59.1724875,0.03955696202531646,96.04430379746836
SCI05,5,SCI05_4_5,5,4,5,55.57464663,0.0490506329113924,95.09493670886076
SCI05,5,SCI05_5_1,5,5,1,66.52325333,0.03164556962025317,96.83544303797468
SCI05,5,SCI05_5_2,5,5,2,63.49159249,0.04746835443037975,95.25316455696202
SCI05,5,SCI05_5_3,5,5,3,50.76923206,0.08860759493670886,91.13924050632912
SCI05,5,SCI05_5_4,5,5,4,43.34297753,0.05379746835443038,94.62025316455697
SCI05,5,SCI05_5_5,5,5,5,37.63780372,0.08386075949367089,91.61392405063292
SCI05,5,SCI05_6_1,5,6,1,74.20003108,0.08227848101265822,91.77215189873418
SCI05,5,SCI05_6_2,5,6,2,69.77619108,0.060126582278481014,93.9873417721519
SCI05,5,SCI05_6_3,5,6,3,56.36426826,0.03955696202531646,96.04430379746836
SCI05,5,SCI05_6_4,5,6,4,52.18690295,0.05379746835443038,94.62025316455697
SCI05,5,SCI05_6_5,5,6,5,43.3009501,0.07436708860759493,92.5632911392405
SCI05,5,SCI05_7_1,5,7,1,72.48068058,0.07109004739336493,92.89099526066352
SCI05,5,SCI05_7_2,5,7,2,65.90566739,0.07278481012658228,92.72151898734178
SCI05,5,SCI05_7_3,5,7,3,64.50390933,0.060126582278481014,93.9873417721519
SCI05,5,SCI05_7_4,5,7,4,58.86717194,0.07120253164556962,92.87974683544303
SCI05,5,SCI05_7_5,5,7,5,45.52082064,0.05221518987341772,94.77848101265822
SCI05,5,SCI05_8_1,5,8,1,75.49144655,0.07278481012658228,92.72151898734178
SCI05,5,SCI05_8_2,5,8,2,69.77011503,0.08227848101265822,91.77215189873418
SCI05,5,SCI05_8_3,5,8,3,68.79594238,0.09305993690851735,90.69400630914826
SCI05,5,SCI05_8_4,5,8,4,64.7813025,0.07911392405063292,92.08860759493672
SCI05,5,SCI05_8_5,5,8,5,51.52032695,0.04430379746835443,95.56962025316456
SCI05,5,SCI05_9_1,5,9,1,70.30297147,0.05845181674565561,94.15481832543445
SCI05,5,SCI05_9_2,5,9,2,69.37787397,0.01740506329113924,98.25949367088607
SCI05,5,SCI05_9_3,5,9,3,69.80002328,0.030063291139240507,96.99367088607595
SCI05,5,SCI05_9_4,5,9,4,63.09212272,0.055379746835443035,94.4620253164557
SCI05,5,SCI05_9_5,5,9,5,58.46831991,0.058544303797468354,94.14556962025317
SCI06,6,SCI06_1_1,6,1,1,66.18740005,,
SCI06,6,SCI06_1_2,6,1,2,47.89856789,,
SCI06,6,SCI06_1_3,6,1,3,39.8819261,,
SCI06,6,SCI06_1_4,6,1,4,30.02280769,,
SCI06,6,SCI06_1_5,6,1,5,27.16221438,,
SCI06,6,SCI06_2_1,6,2,1,60.62967279,,
SCI06,6,SCI06_2_2,6,2,2,48.73794382,,
SCI06,6,SCI06_2_3,6,2,3,37.02611299,,
SCI06,6,SCI06_2_4,6,2,4,41.9975308,,
SCI06,6,SCI06_2_5,6,2,5,35.89050712,,
SCI06,6,SCI06_3_1,6,3,1,61.18756623,,
SCI06,6,SCI06_3_2,6,3,2,51.05200325,,
SCI06,6,SCI06_3_3,6,3,3,44.04644512,,
SCI06,6,SCI06_3_4,6,3,4,31.41944121,,
SCI06,6,SCI06_3_5,6,3,5,30.80450038,,
SCI06,6,SCI06_4_1,6,4,1,43.35630088,,
SCI06,6,SCI06_4_2,6,4,2,52.52274172,,
SCI06,6,SCI06_4_3,6,4,3,63.50118652,,
SCI06,6,SCI06_4_4,6,4,4,62.87356145,,
SCI06,6,SCI06_4_5,6,4,5,52.07758016,,
SCI06,6,SCI06_5_1,6,5,1,73.3645753,,
SCI06,6,SCI06_5_2,6,5,2,66.21133684,,
SCI06,6,SCI06_5_3,6,5,3,50.23699703,,
SCI06,6,SCI06_5_4,6,5,4,36.79606081,,
SCI06,6,SCI06_5_5,6,5,5,28.92210736,,
SCI06,6,SCI06_6_1,6,6,1,72.06069615,,
SCI06,6,SCI06_6_2,6,6,2,63.8609061,,
SCI06,6,SCI06_6_3,6,6,3,40.84643842,,
SCI06,6,SCI06_6_4,6,6,4,32.59888318,,
SCI06,6,SCI06_6_5,6,6,5,30.919927,,
SCI06,6,SCI06_7_1,6,7,1,74.50408573,,
SCI06,6,SCI06_7_2,6,7,2,65.51093663,,
SCI06,6,SCI06_7_3,6,7,3,60.80032718,,
SCI06,6,SCI06_7_4,6,7,4,50.98081298,,
SCI06,6,SCI06_7_5,6,7,5,46.40763874,,
SCI06,6,SCI06_8_1,6,8,1,74.61938227,,
SCI06,6,SCI06_8_2,6,8,2,69.00989488,,
SCI06,6,SCI06_8_3,6,8,3,59.52714673,,
SCI06,6,SCI06_8_4,6,8,4,53.09442816,,
SCI06,6,SCI06_8_5,6,8,5,39.45623858,,
SCI06,6,SCI06_9_1,6,9,1,72.52370839,,
SCI06,6,SCI06_9_2,6,9,2,68.87348102,,
SCI06,6,SCI06_9_3,6,9,3,63.01201406,,
SCI06,6,SCI06_9_4,6,9,4,51.55936263,,
SCI06,6,SCI06_9_5,6,9,5,39.42827694,,
SCI07,7,SCI07_1_1,7,1,1,60.40194694,,
SCI07,7,SCI07_1_2,7,1,2,44.04972056,,
SCI07,7,SCI07_1_3,7,1,3,40.52685465,,
SCI07,7,SCI07_1_4,7,1,4,32.89618569,,
SCI07,7,SCI07_1_5,7,1,5,29.99501645,,
SCI07,7,SCI07_2_1,7,2,1,64.00677787,,
SCI07,7,SCI07_2_2,7,2,2,53.2241954,,
SCI07,7,SCI07_2_3,7,2,3,46.69291334,,
SCI07,7,SCI07_2_4,7,2,4,42.52785176,,
SCI07,7,SCI07_2_5,7,2,5,31.66135038,,
SCI07,7,SCI07_3_1,7,3,1,62.92454262,,
SCI07,7,SCI07_3_2,7,3,2,49.93319149,,
SCI07,7,SCI07_3_3,7,3,3,43.06405732,,
SCI07,7,SCI07_3_4,7,3,4,34.52455913,,
SCI07,7,SCI07_3_5,7,3,5,30.09836734,,
SCI07,7,SCI07_4_1,7,4,1,33.24252483,,
SCI07,7,SCI07_4_2,7,4,2,49.66489915,,
SCI07,7,SCI07_4_3,7,4,3,62.85182562,,
SCI07,7,SCI07_4_4,7,4,4,57.28575586,,
SCI07,7,SCI07_4_5,7,4,5,50.11175532,,
SCI07,7,SCI07_5_1,7,5,1,70.17034721,,
SCI07,7,SCI07_5_2,7,5,2,58.00632283,,
SCI07,7,SCI07_5_3,7,5,3,56.04991529,,
SCI07,7,SCI07_5_4,7,5,4,36.4083124,,
SCI07,7,SCI07_5_5,7,5,5,27.11116749,,
SCI07,7,SCI07_6_1,7,6,1,73.32362782,,
SCI07,7,SCI07_6_2,7,6,2,66.4824169,,
SCI07,7,SCI07_6_3,7,6,3,50.80905122,,
SCI07,7,SCI07_6_4,7,6,4,46.86309455,,
SCI07,7,SCI07_6_5,7,6,5,36.19971337,,
SCI07,7,SCI07_7_1,7,7,1,72.13085404,,
SCI07,7,SCI07_7_2,7,7,2,55.89253387,,
SCI07,7,SCI07_7_3,7,7,3,56.32867911,,
SCI07,7,SCI07_7_4,7,7,4,51.48265576,,
SCI07,7,SCI07_7_5,7,7,5,45.96790981,,
SCI07,7,SCI07_8_1,7,8,1,72.72312733,,
SCI07,7,SCI07_8_2,7,8,2,70.09443092,,
SCI07,7,SCI07_8_3,7,8,3,64.37818511,,
SCI07,7,SCI07_8_4,7,8,4,54.22050384,,
SCI07,7,SCI07_8_5,7,8,5,41.53856676,,
SCI07,7,SCI07_9_1,7,9,1,68.84623428,,
SCI07,7,SCI07_9_2,7,9,2,63.47646211,,
SCI07,7,SCI07_9_3,7,9,3,55.18565513,,
SCI07,7,SCI07_9_4,7,9,4,43.24469367,,
SCI07,7,SCI07_9_5,7,9,5,30.4801066,,
SCI08,8,SCI08_1_1,8,1,1,62.85743569,,
SCI08,8,SCI08_1_2,8,1,2,46.4977367,,
SCI08,8,SCI08_1_3,8,1,3,40.83690494,,
SCI08,8,SCI08_1_4,8,1,4,31.09156397,,
SCI08,8,SCI08_1_5,8,1,5,29.67129705,,
SCI08,8,SCI08_2_1,8,2,1,55.00186799,,
SCI08,8,SCI08_2_2,8,2,2,42.66865792,,
SCI08,8,SCI08_2_3,8,2,3,38.40070995,,
SCI08,8,SCI08_2_4,8,2,4,30.2450913,,
SCI08,8,SCI08_2_5,8,2,5,26.81657762,,
SCI08,8,SCI08_3_1,8,3,1,51.25207595,,
SCI08,8,SCI08_3_2,8,3,2,39.52467459,,
SCI08,8,SCI08_3_3,8,3,3,33.3215,,
SCI08,8,SCI08_3_4,8,3,4,31.11758276,,
SCI08,8,SCI08_3_5,8,3,5,27.79263654,,
SCI08,8,SCI08_4_1,8,4,1,36.51120523,,
SCI08,8,SCI08_4_2,8,4,2,51.65021669,,
SCI08,8,SCI08_4_3,8,4,3,52.2299559,,
SCI08,8,SCI08_4_4,8,4,4,54.15075699,,
SCI08,8,SCI08_4_5,8,4,5,45.46802208,,
SCI08,8,SCI08_5_1,8,5,1,68.73559697,,
SCI08,8,SCI08_5_2,8,5,2,55.69003689,,
SCI08,8,SCI08_5_3,8,5,3,43.76174769,,
SCI08,8,SCI08_5_4,8,5,4,36.29758054,,
SCI08,8,SCI08_5_5,8,5,5,25.73495093,,
SCI08,8,SCI08_6_1,8,6,1,71.28548966,,
SCI08,8,SCI08_6_2,8,6,2,63.19138969,,
SCI08,8,SCI08_6_3,8,6,3,34.89060428,,
SCI08,8,SCI08_6_4,8,6,4,37.92469426,,
SCI08,8,SCI08_6_5,8,6,5,27.19834327,,
SCI08,8,SCI08_7_1,8,7,1,74.56612616,,
SCI08,8,SCI08_7_2,8,7,2,71.52403866,,
SCI08,8,SCI08_7_3,8,7,3,63.91297221,,
SCI08,8,SCI08_7_4,8,7,4,58.07849109,,
SCI08,8,SCI08_7_5,8,7,5,50.99303044,,
SCI08,8,SCI08_8_1,8,8,1,73.17187809,,
SCI08,8,SCI08_8_2,8,8,2,69.93957559,,
SCI08,8,SCI08_8_3,8,8,3,69.17149658,,
SCI08,8,SCI08_8_4,8,8,4,58.70204778,,
SCI08,8,SCI08_8_5,8,8,5,31.7114081,,
SCI08,8,SCI08_9_1,8,9,1,66.54385496,,
SCI08,8,SCI08_9_2,8,9,2,60.57376111,,
SCI08,8,SCI08_9_3,8,9,3,53.07800558,,
SCI08,8,SCI08_9_4,8,9,4,49.0836551,,
SCI08,8,SCI08_9_5,8,9,5,44.40477192,,
SCI09,9,SCI09_1_1,9,1,1,68.82722095,,
SCI09,9,SCI09_1_2,9,1,2,51.16967432,,
SCI09,9,SCI09_1_3,9,1,3,42.51064771,,
SCI09,9,SCI09_1_4,9,1,4,31.23809575,,
SCI09,9,SCI09_1_5,9,1,5,26.59347922,,
SCI09,9,SCI09_2_1,9,2,1,63.29098356,,
SCI09,9,SCI09_2_2,9,2,2,51.85871105,,
SCI09,9,SCI09_2_3,9,2,3,40.84328277,,
SCI09,9,SCI09_2_4,9,2,4,41.57358999,,
SCI09,9,SCI09_2_5,9,2,5,35.38720176,,
SCI09,9,SCI09_3_1,9,3,1,58.26853166,,
SCI09,9,SCI09_3_2,9,3,2,45.28908166,,
SCI09,9,SCI09_3_3,9,3,3,40.57599334,,
SCI09,9,SCI09_3_4,9,3,4,31.00486752,,
SCI09,9,SCI09_3_5,9,3,5,29.4859844,,
SCI09,9,SCI09_4_1,9,4,1,37.34900828,,
SCI09,9,SCI09_4_2,9,4,2,53.21212967,,
SCI09,9,SCI09_4_3,9,4,3,56.4950593,,
SCI09,9,SCI09_4_4,9,4,4,53.67336227,,
SCI09,9,SCI09_4_5,9,4,5,48.95006036,,
SCI09,9,SCI09_5_1,9,5,1,63.51691945,,
SCI09,9,SCI09_5_2,9,5,2,48.99638833,,
SCI09,9,SCI09_5_3,9,5,3,46.12843802,,
SCI09,9,SCI09_5_4,9,5,4,37.68894245,,
SCI09,9,SCI09_5_5,9,5,5,29.12053609,,
SCI09,9,SCI09_6_1,9,6,1,69.32052143,,
SCI09,9,SCI09_6_2,9,6,2,69.55372144,,
SCI09,9,SCI09_6_3,9,6,3,47.31960446,,
SCI09,9,SCI09_6_4,9,6,4,40.88556898,,
SCI09,9,SCI09_6_5,9,6,5,30.57101506,,
SCI09,9,SCI09_7_1,9,7,1,73.53644343,,
SCI09,9,SCI09_7_2,9,7,2,63.81648835,,
SCI09,9,SCI09_7_3,9,7,3,57.58980886,,
SCI09,9,SCI09_7_4,9,7,4,53.60112818,,
SCI09,9,SCI09_7_5,9,7,5,43.24353775,,
SCI09,9,SCI09_8_1,9,8,1,71.49994364,,
SCI09,9,SCI09_8_2,9,8,2,74.78294411,,
SCI09,9,SCI09_8_3,9,8,3,71.53523602,,
SCI09,9,SCI09_8_4,9,8,4,66.24227773,,
SCI09,9,SCI09_8_5,9,8,5,41.08226256,,
SCI09,9,SCI09_9_1,9,9,1,73.51181492,,
SCI09,9,SCI09_9_2,9,9,2,73.52240672,,
SCI09,9,SCI09_9_3,9,9,3,65.37973187,,
SCI09,9,SCI09_9_4,9,9,4,47.79980724,,
SCI09,9,SCI09_9_5,9,9,5,44.77045783,,
SCI10,10,SCI10_1_1,10,1,1,62.79974641,,
SCI10,10,SCI10_1_2,10,1,2,53.85114843,,
SCI10,10,SCI10_1_3,10,1,3,44.15502022,,
SCI10,10,SCI10_1_4,10,1,4,34.29206244,,
SCI10,10,SCI10_1_5,10,1,5,31.89090832,,
SCI10,10,SCI10_2_1,10,2,1,64.02306971,,
SCI10,10,SCI10_2_2,10,2,2,56.94972169,,
SCI10,10,SCI10_2_3,10,2,3,47.9886557,,
SCI10,10,SCI10_2_4,10,2,4,45.69826844,,
SCI10,10,SCI10_2_5,10,2,5,41.85786779,,
SCI10,10,SCI10_3_1,10,3,1,65.77554873,,
SCI10,10,SCI10_3_2,10,3,2,51.77550508,,
SCI10,10,SCI10_3_3,10,3,3,52.62264652,,
SCI10,10,SCI10_3_4,10,3,4,47.32878438,,
SCI10,10,SCI10_3_5,10,3,5,38.83592402,,
SCI10,10,SCI10_4_1,10,4,1,37.71324456,,
SCI10,10,SCI10_4_2,10,4,2,53.67408949,,
SCI10,10,SCI10_4_3,10,4,3,61.91876503,,
SCI10,10,SCI10_4_4,10,4,4,57.90671593,,
SCI10,10,SCI10_4_5,10,4,5,64.85380407,,
SCI10,10,SCI10_5_1,10,5,1,70.18463478,,
SCI10,10,SCI10_5_2,10,5,2,68.36690662,,
SCI10,10,SCI10_5_3,10,5,3,55.82480657,,
SCI10,10,SCI10_5_4,10,5,4,52.45716916,,
SCI10,10,SCI10_5_5,10,5,5,41.20433081,,
SCI10,10,SCI10_6_1,10,6,1,71.60606668,,
SCI10,10,SCI10_6_2,10,6,2,70.66785412,,
SCI10,10,SCI10_6_3,10,6,3,55.96026414,,
SCI10,10,SCI10_6_4,10,6,4,46.93350061,,
SCI10,10,SCI10_6_5,10,6,5,42.10623404,,
SCI10,10,SCI10_7_1,10,7,1,75.52908481,,
SCI10,10,SCI10_7_2,10,7,2,67.09587819,,
SCI10,10,SCI10_7_3,10,7,3,57.62450077,,
SCI10,10,SCI10_7_4,10,7,4,52.68701596,,
SCI10,10,SCI10_7_5,10,7,5,43.91243374,,
SCI10,10,SCI10_8_1,10,8,1,73.92694989,,
SCI10,10,SCI10_8_2,10,8,2,73.61088512,,
SCI10,10,SCI10_8_3,10,8,3,71.10328628,,
SCI10,10,SCI10_8_4,10,8,4,63.15914437,,
SCI10,10,SCI10_8_5,10,8,5,54.13977091,,
SCI10,10,SCI10_9_1,10,9,1,67.86700278,,
SCI10,10,SCI10_9_2,10,9,2,63.10343518,,
SCI10,10,SCI10_9_3,10,9,3,59.29602377,,
SCI10,10,SCI10_9_4,10,9,4,50.32977763,,
SCI10,10,SCI10_9_5,10,9,5,39.44911129,,
SCI11,11,SCI11_1_1,11,1,1,61.25741413,,
SCI11,11,SCI11_1_2,11,1,2,41.89073155,,
SCI11,11,SCI11_1_3,11,1,3,37.26688707,,
SCI11,11,SCI11_1_4,11,1,4,30.92701054,,
SCI11,11,SCI11_1_5,11,1,5,26.15197867,,
SCI11,11,SCI11_2_1,11,2,1,58.10799732,,
SCI11,11,SCI11_2_2,11,2,2,43.64613554,,
SCI11,11,SCI11_2_3,11,2,3,38.09828128,,
SCI11,11,SCI11_2_4,11,2,4,34.30850673,,
SCI11,11,SCI11_2_5,11,2,5,27.38440866,,
SCI11,11,SCI11_3_1,11,3,1,53.88463162,,
SCI11,11,SCI11_3_2,11,3,2,46.45249296,,
SCI11,11,SCI11_3_3,11,3,3,35.69187093,,
SCI11,11,SCI11_3_4,11,3,4,26.67791407,,
SCI11,11,SCI11_3_5,11,3,5,28.70499532,,
SCI11,11,SCI11_4_1,11,4,1,35.32294292,,
SCI11,11,SCI11_4_2,11,4,2,48.51916375,,
SCI11,11,SCI11_4_3,11,4,3,57.54217803,,
SCI11,11,SCI11_4_4,11,4,4,56.25032386,,
SCI11,11,SCI11_4_5,11,4,5,47.97948219,,
SCI11,11,SCI11_5_1,11,5,1,66.49486466,,
SCI11,11,SCI11_5_2,11,5,2,58.49501466,,
SCI11,11,SCI11_5_3,11,5,3,46.92440443,,
SCI11,11,SCI11_5_4,11,5,4,32.08062967,,
SCI11,11,SCI11_5_5,11,5,5,30.72176519,,
SCI11,11,SCI11_6_1,11,6,1,72.62894144,,
SCI11,11,SCI11_6_2,11,6,2,65.02407337,,
SCI11,11,SCI11_6_3,11,6,3,54.01602919,,
SCI11,11,SCI11_6_4,11,6,4,45.94046422,,
SCI11,11,SCI11_6_5,11,6,5,36.04674985,,
SCI11,11,SCI11_7_1,11,7,1,72.01399801,,
SCI11,11,SCI11_7_2,11,7,2,64.76460866,,
SCI11,11,SCI11_7_3,11,7,3,58.80034686,,
SCI11,11,SCI11_7_4,11,7,4,51.69670316,,
SCI11,11,SCI11_7_5,11,7,5,45.76216866,,
SCI11,11,SCI11_8_1,11,8,1,70.89205718,,
SCI11,11,SCI11_8_2,11,8,2,62.7049768,,
SCI11,11,SCI11_8_3,11,8,3,66.84897833,,
SCI11,11,SCI11_8_4,11,8,4,60.41003608,,
SCI11,11,SCI11_8_5,11,8,5,32.4929301,,
SCI11,11,SCI11_9_1,11,9,1,62.50020472,,
SCI11,11,SCI11_9_2,11,9,2,67.45353011,,
SCI11,11,SCI11_9_3,11,9,3,51.60433988,,
SCI11,11,SCI11_9_4,11,9,4,47.27882722,,
SCI11,11,SCI11_9_5,11,9,5,39.37883776,,
SCI12,12,SCI12_1_1,12,1,1,69.59271149,,
SCI12,12,SCI12_1_2,12,1,2,53.08103691,,
SCI12,12,SCI12_1_3,12,1,3,43.66090655,,
SCI12,12,SCI12_1_4,12,1,4,34.48862807,,
SCI12,12,SCI12_1_5,12,1,5,29.11189217,,
SCI12,12,SCI12_2_1,12,2,1,55.95186411,,
SCI12,12,SCI12_2_2,12,2,2,44.12584761,,
SCI12,12,SCI12_2_3,12,2,3,40.83476563,,
SCI12,12,SCI12_2_4,12,2,4,38.81125719,,
SCI12,12,SCI12_2_5,12,2,5,27.95574467,,
SCI12,12,SCI12_3_1,12,3,1,48.26443049,,
SCI12,12,SCI12_3_2,12,3,2,41.81807496,,
SCI12,12,SCI12_3_3,12,3,3,42.651988,,
SCI12,12,SCI12_3_4,12,3,4,32.77998543,,
SCI12,12,SCI12_3_5,12,3,5,25.11271657,,
SCI12,12,SCI12_4_1,12,4,1,34.13208376,,
SCI12,12,SCI12_4_2,12,4,2,50.05713642,,
SCI12,12,SCI12_4_3,12,4,3,57.35356544,,
SCI12,12,SCI12_4_4,12,4,4,56.88391526,,
SCI12,12,SCI12_4_5,12,4,5,52.01252981,,
SCI12,12,SCI12_5_1,12,5,1,65.0312526,,
SCI12,12,SCI12_5_2,12,5,2,54.55762354,,
SCI12,12,SCI12_5_3,12,5,3,51.78910476,,
SCI12,12,SCI12_5_4,12,5,4,36.06256014,,
SCI12,12,SCI12_5_5,12,5,5,36.19109053,,
SCI12,12,SCI12_6_1,12,6,1,69.47718024,,
SCI12,12,SCI12_6_2,12,6,2,72.01877104,,
SCI12,12,SCI12_6_3,12,6,3,61.38456697,,
SCI12,12,SCI12_6_4,12,6,4,50.48987552,,
SCI12,12,SCI12_6_5,12,6,5,31.77078957,,
SCI12,12,SCI12_7_1,12,7,1,73.25013134,,
SCI12,12,SCI12_7_2,12,7,2,65.40838615,,
SCI12,12,SCI12_7_3,12,7,3,64.17075771,,
SCI12,12,SCI12_7_4,12,7,4,60.88082781,,
SCI12,12,SCI12_7_5,12,7,5,50.60594247,,
SCI12,12,SCI12_8_1,12,8,1,71.54989607,,
SCI12,12,SCI12_8_2,12,8,2,71.14372014,,
SCI12,12,SCI12_8_3,12,8,3,70.17814505,,
SCI12,12,SCI12_8_4,12,8,4,67.17358885,,
SCI12,12,SCI12_8_5,12,8,5,53.54175667,,
SCI12,12,SCI12_9_1,12,9,1,74.19914543,,
SCI12,12,SCI12_9_2,12,9,2,69.08214473,,
SCI12,12,SCI12_9_3,12,9,3,68.05641203,,
SCI12,12,SCI12_9_4,12,9,4,51.88604204,,
SCI12,12,SCI12_9_5,12,9,5,60.66810059,,
SCI13,13,SCI13_1_1,13,1,1,63.359881,,
SCI13,13,SCI13_1_2,13,1,2,50.23615079,,
SCI13,13,SCI13_1_3,13,1,3,46.09035481,,
SCI13,13,SCI13_1_4,13,1,4,34.64546138,,
SCI13,13,SCI13_1_5,13,1,5,27.94708945,,
SCI13,13,SCI13_2_1,13,2,1,59.73789735,,
SCI13,13,SCI13_2_2,13,2,2,48.08819499,,
SCI13,13,SCI13_2_3,13,2,3,44.3199728,,
SCI13,13,SCI13_2_4,13,2,4,37.17954979,,
SCI13,13,SCI13_2_5,13,2,5,31.08169694,,
SCI13,13,SCI13_3_1,13,3,1,53.65855112,,
SCI13,13,SCI13_3_2,13,3,2,44.14386391,,
SCI13,13,SCI13_3_3,13,3,3,37.37412273,,
SCI13,13,SCI13_3_4,13,3,4,30.36439716,,
SCI13,13,SCI13_3_5,13,3,5,29.20205806,,
SCI13,13,SCI13_4_1,13,4,1,36.81730108,,
SCI13,13,SCI13_4_2,13,4,2,52.06575371,,
SCI13,13,SCI13_4_3,13,4,3,57.26519793,,
SCI13,13,SCI13_4_4,13,4,4,55.51225783,,
SCI13,13,SCI13_4_5,13,4,5,50.42064321,,
SCI13,13,SCI13_5_1,13,5,1,66.07783929,,
SCI13,13,SCI13_5_2,13,5,2,67.34883639,,
SCI13,13,SCI13_5_3,13,5,3,60.72959032,,
SCI13,13,SCI13_5_4,13,5,4,42.42836372,,
SCI13,13,SCI13_5_5,13,5,5,34.34436167,,
SCI13,13,SCI13_6_1,13,6,1,68.91883585,,
SCI13,13,SCI13_6_2,13,6,2,64.52640475,,
SCI13,13,SCI13_6_3,13,6,3,46.09428355,,
SCI13,13,SCI13_6_4,13,6,4,39.9563203,,
SCI13,13,SCI13_6_5,13,6,5,28.79194247,,
SCI13,13,SCI13_7_1,13,7,1,71.32638269,,
SCI13,13,SCI13_7_2,13,7,2,59.28622727,,
SCI13,13,SCI13_7_3,13,7,3,55.9299291,,
SCI13,13,SCI13_7_4,13,7,4,53.56595974,,
SCI13,13,SCI13_7_5,13,7,5,51.87237077,,
SCI13,13,SCI13_8_1,13,8,1,69.37867746,,
SCI13,13,SCI13_8_2,13,8,2,70.63690399,,
SCI13,13,SCI13_8_3,13,8,3,66.94535094,,
SCI13,13,SCI13_8_4,13,8,4,63.29074043,,
SCI13,13,SCI13_8_5,13,8,5,48.72756278,,
SCI13,13,SCI13_9_1,13,9,1,65.68367021,,
SCI13,13,SCI13_9_2,13,9,2,66.83949054,,
SCI13,13,SCI13_9_3,13,9,3,60.87541072,,
SCI13,13,SCI13_9_4,13,9,4,47.37895696,,
SCI13,13,SCI13_9_5,13,9,5,41.76269477,,
SCI14,14,SCI14_1_1,14,1,1,58.18602412,,
SCI14,14,SCI14_1_2,14,1,2,41.52801716,,
SCI14,14,SCI14_1_3,14,1,3,34.64353287,,
SCI14,14,SCI14_1_4,14,1,4,29.98783235,,
SCI14,14,SCI14_1_5,14,1,5,27.17424289,,
SCI14,14,SCI14_2_1,14,2,1,61.78828578,,
SCI14,14,SCI14_2_2,14,2,2,58.04032552,,
SCI14,14,SCI14_2_3,14,2,3,50.55540234,,
SCI14,14,SCI14_2_4,14,2,4,51.8757052,,
SCI14,14,SCI14_2_5,14,2,5,43.56525071,,
SCI14,14,SCI14_3_1,14,3,1,62.62261753,,
SCI14,14,SCI14_3_2,14,3,2,54.03722859,,
SCI14,14,SCI14_3_3,14,3,3,50.74679268,,
SCI14,14,SCI14_3_4,14,3,4,41.33336211,,
SCI14,14,SCI14_3_5,14,3,5,43.32388903,,
SCI14,14,SCI14_4_1,14,4,1,35.92665389,,
SCI14,14,SCI14_4_2,14,4,2,53.1042146,,
SCI14,14,SCI14_4_3,14,4,3,62.11806726,,
SCI14,14,SCI14_4_4,14,4,4,42.30960722,,
SCI14,14,SCI14_4_5,14,4,5,45.19763217,,
SCI14,14,SCI14_5_1,14,5,1,65.77729157,,
SCI14,14,SCI14_5_2,14,5,2,61.41221648,,
SCI14,14,SCI14_5_3,14,5,3,51.79472287,,
SCI14,14,SCI14_5_4,14,5,4,33.26393387,,
SCI14,14,SCI14_5_5,14,5,5,24.57386791,,
SCI14,14,SCI14_6_1,14,6,1,69.66335495,,
SCI14,14,SCI14_6_2,14,6,2,72.51965432,,
SCI14,14,SCI14_6_3,14,6,3,70.84478733,,
SCI14,14,SCI14_6_4,14,6,4,66.47501466,,
SCI14,14,SCI14_6_5,14,6,5,58.3713541,,
SCI14,14,SCI14_7_1,14,7,1,69.39978088,,
SCI14,14,SCI14_7_2,14,7,2,63.44790745,,
SCI14,14,SCI14_7_3,14,7,3,55.14695097,,
SCI14,14,SCI14_7_4,14,7,4,47.47610219,,
SCI14,14,SCI14_7_5,14,7,5,50.53860359,,
SCI14,14,SCI14_8_1,14,8,1,73.29460839,,
SCI14,14,SCI14_8_2,14,8,2,62.9876533,,
SCI14,14,SCI14_8_3,14,8,3,53.23297479,,
SCI14,14,SCI14_8_4,14,8,4,38.34073731,,
SCI14,14,SCI14_8_5,14,8,5,28.52994645,,
SCI14,14,SCI14_9_1,14,9,1,70.89651448,,
SCI14,14,SCI14_9_2,14,9,2,68.4970034,,
SCI14,14,SCI14_9_3,14,9,3,63.29129889,,
SCI14,14,SCI14_9_4,14,9,4,47.23636177,,
SCI14,14,SCI14_9_5,14,9,5,38.64178004,,
SCI15,15,SCI15_1_1,15,1,1,67.20984191,,
SCI15,15,SCI15_1_2,15,1,2,49.80805332,,
SCI15,15,SCI15_1_3,15,1,3,38.56241481,,
SCI15,15,SCI15_1_4,15,1,4,32.71429388,,
SCI15,15,SCI15_1_5,15,1,5,28.39170591,,
SCI15,15,SCI15_2_1,15,2,1,58.02502498,,
SCI15,15,SCI15_2_2,15,2,2,46.45036699,,
SCI15,15,SCI15_2_3,15,2,3,35.60613138,,
SCI15,15,SCI15_2_4,15,2,4,32.919807,,
SCI15,15,SCI15_2_5,15,2,5,27.69679036,,
SCI15,15,SCI15_3_1,15,3,1,54.27909655,,
SCI15,15,SCI15_3_2,15,3,2,45.80496564,,
SCI15,15,SCI15_3_3,15,3,3,37.67722921,,
SCI15,15,SCI15_3_4,15,3,4,28.20905442,,
SCI15,15,SCI15_3_5,15,3,5,28.02393587,,
SCI15,15,SCI15_4_1,15,4,1,38.71063883,,
SCI15,15,SCI15_4_2,15,4,2,51.68048487,,
SCI15,15,SCI15_4_3,15,4,3,55.3545492,,
SCI15,15,SCI15_4_4,15,4,4,53.43045808,,
SCI15,15,SCI15_4_5,15,4,5,48.52656701,,
SCI15,15,SCI15_5_1,15,5,1,65.31828615,,
SCI15,15,SCI15_5_2,15,5,2,58.40662799,,
SCI15,15,SCI15_5_3,15,5,3,47.26838898,,
SCI15,15,SCI15_5_4,15,5,4,35.10618772,,
SCI15,15,SCI15_5_5,15,5,5,29.19349908,,
SCI15,15,SCI15_6_1,15,6,1,72.69463843,,
SCI15,15,SCI15_6_2,15,6,2,68.79960958,,
SCI15,15,SCI15_6_3,15,6,3,53.15680456,,
SCI15,15,SCI15_6_4,15,6,4,47.84075707,,
SCI15,15,SCI15_6_5,15,6,5,31.08618495,,
SCI15,15,SCI15_7_1,15,7,1,73.20308614,,
SCI15,15,SCI15_7_2,15,7,2,63.55460424,,
SCI15,15,SCI15_7_3,15,7,3,60.30343063,,
SCI15,15,SCI15_7_4,15,7,4,55.7633194,,
SCI15,15,SCI15_7_5,15,7,5,51.55547712,,
SCI15,15,SCI15_8_1,15,8,1,74.56559632,,
SCI15,15,SCI15_8_2,15,8,2,63.84012456,,
SCI15,15,SCI15_8_3,15,8,3,64.84910433,,
SCI15,15,SCI15_8_4,15,8,4,58.26317742,,
SCI15,15,SCI15_8_5,15,8,5,41.59997354,,
SCI15,15,SCI15_9_1,15,9,1,69.31541741,,
SCI15,15,SCI15_9_2,15,9,2,71.02692917,,
SCI15,15,SCI15_9_3,15,9,3,59.0759683,,
SCI15,15,SCI15_9_4,15,9,4,42.45503166,,
SCI15,15,SCI15_9_5,15,9,5,37.07493787,,
SCI16,16,SCI16_1_1,16,1,1,62.14463004,,
SCI16,16,SCI16_1_2,16,1,2,44.61760803,,
SCI16,16,SCI16_1_3,16,1,3,39.77087471,,
SCI16,16,SCI16_1_4,16,1,4,33.28121829,,
SCI16,16,SCI16_1_5,16,1,5,27.10885946,,
SCI16,16,SCI16_2_1,16,2,1,60.57392832,,
SCI16,16,SCI16_2_2,16,2,2,47.6009341,,
SCI16,16,SCI16_2_3,16,2,3,42.01681865,,
SCI16,16,SCI16_2_4,16,2,4,40.1029034,,
SCI16,16,SCI16_2_5,16,2,5,29.56031352,,
SCI16,16,SCI16_3_1,16,3,1,57.83862351,,
SCI16,16,SCI16_3_2,16,3,2,46.52776149,,
SCI16,16,SCI16_3_3,16,3,3,42.1781926,,
SCI16,16,SCI16_3_4,16,3,4,33.28595441,,
SCI16,16,SCI16_3_5,16,3,5,31.15958196,,
SCI16,16,SCI16_4_1,16,4,1,41.10256585,,
SCI16,16,SCI16_4_2,16,4,2,50.94232632,,
SCI16,16,SCI16_4_3,16,4,3,64.12873588,,
SCI16,16,SCI16_4_4,16,4,4,54.94463611,,
SCI16,16,SCI16_4_5,16,4,5,56.23072606,,
SCI16,16,SCI16_5_1,16,5,1,69.45241689,,
SCI16,16,SCI16_5_2,16,5,2,60.9840788,,
SCI16,16,SCI16_5_3,16,5,3,48.24506987,,
SCI16,16,SCI16_5_4,16,5,4,39.95361841,,
SCI16,16,SCI16_5_5,16,5,5,25.22498936,,
SCI16,16,SCI16_6_1,16,6,1,72.76992248,,
SCI16,16,SCI16_6_2,16,6,2,61.39872922,,
SCI16,16,SCI16_6_3,16,6,3,43.40553809,,
SCI16,16,SCI16_6_4,16,6,4,32.13078802,,
SCI16,16,SCI16_6_5,16,6,5,26.56748857,,
SCI16,16,SCI16_7_1,16,7,1,73.00829551,,
SCI16,16,SCI16_7_2,16,7,2,60.62928298,,
SCI16,16,SCI16_7_3,16,7,3,57.1693421,,
SCI16,16,SCI16_7_4,16,7,4,51.50921919,,
SCI16,16,SCI16_7_5,16,7,5,44.32467867,,
SCI16,16,SCI16_8_1,16,8,1,72.59270684,,
SCI16,16,SCI16_8_2,16,8,2,65.68727118,,
SCI16,16,SCI16_8_3,16,8,3,55.52524925,,
SCI16,16,SCI16_8_4,16,8,4,45.54598885,,
SCI16,16,SCI16_8_5,16,8,5,29.81882823,,
SCI16,16,SCI16_9_1,16,9,1,58.30499566,,
SCI16,16,SCI16_9_2,16,9,2,55.0827902,,
SCI16,16,SCI16_9_3,16,9,3,53.5768515,,
SCI16,16,SCI16_9_4,16,9,4,46.13949521,,
SCI16,16,SCI16_9_5,16,9,5,33.00795728,,
SCI17,17,SCI17_1_1,17,1,1,54.72015352,,
SCI17,17,SCI17_1_2,17,1,2,40.27101055,,
SCI17,17,SCI17_1_3,17,1,3,36.25594829,,
SCI17,17,SCI17_1_4,17,1,4,31.80998396,,
SCI17,17,SCI17_1_5,17,1,5,27.07761353,,
SCI17,17,SCI17_2_1,17,2,1,57.3806703,,
SCI17,17,SCI17_2_2,17,2,2,50.13077613,,
SCI17,17,SCI17_2_3,17,2,3,39.77615196,,
SCI17,17,SCI17_2_4,17,2,4,35.53902317,,
SCI17,17,SCI17_2_5,17,2,5,25.74904501,,
SCI17,17,SCI17_3_1,17,3,1,51.82165306,,
SCI17,17,SCI17_3_2,17,3,2,46.8860912,,
SCI17,17,SCI17_3_3,17,3,3,38.50642985,,
SCI17,17,SCI17_3_4,17,3,4,31.65893266,,
SCI17,17,SCI17_3_5,17,3,5,27.68029698,,
SCI17,17,SCI17_4_1,17,4,1,37.99332098,,
SCI17,17,SCI17_4_2,17,4,2,50.87432723,,
SCI17,17,SCI17_4_3,17,4,3,66.02568014,,
SCI17,17,SCI17_4_4,17,4,4,55.05365279,,
SCI17,17,SCI17_4_5,17,4,5,49.8885298,,
SCI17,17,SCI17_5_1,17,5,1,70.44718237,,
SCI17,17,SCI17_5_2,17,5,2,58.91197106,,
SCI17,17,SCI17_5_3,17,5,3,46.45332355,,
SCI17,17,SCI17_5_4,17,5,4,36.12470523,,
SCI17,17,SCI17_5_5,17,5,5,26.37604228,,
SCI17,17,SCI17_6_1,17,6,1,65.80837004,,
SCI17,17,SCI17_6_2,17,6,2,65.71473248,,
SCI17,17,SCI17_6_3,17,6,3,46.64887018,,
SCI17,17,SCI17_6_4,17,6,4,44.64784759,,
SCI17,17,SCI17_6_5,17,6,5,36.03742143,,
SCI17,17,SCI17_7_1,17,7,1,69.81308257,,
SCI17,17,SCI17_7_2,17,7,2,60.93941893,,
SCI17,17,SCI17_7_3,17,7,3,56.73553213,,
SCI17,17,SCI17_7_4,17,7,4,52.80182384,,
SCI17,17,SCI17_7_5,17,7,5,40.83868368,,
SCI17,17,SCI17_8_1,17,8,1,69.78666421,,
SCI17,17,SCI17_8_2,17,8,2,68.89124967,,
SCI17,17,SCI17_8_3,17,8,3,65.06052395,,
SCI17,17,SCI17_8_4,17,8,4,59.6627074,,
SCI17,17,SCI17_8_5,17,8,5,40.52737433,,
SCI17,17,SCI17_9_1,17,9,1,68.90006742,,
SCI17,17,SCI17_9_2,17,9,2,66.12846724,,
SCI17,17,SCI17_9_3,17,9,3,60.99889141,,
SCI17,17,SCI17_9_4,17,9,4,43.68894106,,
SCI17,17,SCI17_9_5,17,9,5,33.37100275,,
SCI18,18,SCI18_1_1,18,1,1,69.3645502,,
SCI18,18,SCI18_1_2,18,1,2,55.12645706,,
SCI18,18,SCI18_1_3,18,1,3,49.57972669,,
SCI18,18,SCI18_1_4,18,1,4,37.07509322,,
SCI18,18,SCI18_1_5,18,1,5,30.24941285,,
SCI18,18,SCI18_2_1,18,2,1,55.73468285,,
SCI18,18,SCI18_2_2,18,2,2,51.90298281,,
SCI18,18,SCI18_2_3,18,2,3,44.74960367,,
SCI18,18,SCI18_2_4,18,2,4,39.9377183,,
SCI18,18,SCI18_2_5,18,2,5,38.3113907,,
SCI18,18,SCI18_3_1,18,3,1,57.41142098,,
SCI18,18,SCI18_3_2,18,3,2,43.43342131,,
SCI18,18,SCI18_3_3,18,3,3,41.29053053,,
SCI18,18,SCI18_3_4,18,3,4,31.00336737,,
SCI18,18,SCI18_3_5,18,3,5,29.04837073,,
SCI18,18,SCI18_4_1,18,4,1,42.46527178,,
SCI18,18,SCI18_4_2,18,4,2,50.71359771,,
SCI18,18,SCI18_4_3,18,4,3,53.93680504,,
SCI18,18,SCI18_4_4,18,4,4,50.58416535,,
SCI18,18,SCI18_4_5,18,4,5,57.03921178,,
SCI18,18,SCI18_5_1,18,5,1,69.34144168,,
SCI18,18,SCI18_5_2,18,5,2,60.85810598,,
SCI18,18,SCI18_5_3,18,5,3,56.55160635,,
SCI18,18,SCI18_5_4,18,5,4,46.27770743,,
SCI18,18,SCI18_5_5,18,5,5,38.72207565,,
SCI18,18,SCI18_6_1,18,6,1,70.95499641,,
SCI18,18,SCI18_6_2,18,6,2,71.70802823,,
SCI18,18,SCI18_6_3,18,6,3,72.6312153,,
SCI18,18,SCI18_6_4,18,6,4,68.24542019,,
SCI18,18,SCI18_6_5,18,6,5,54.27640897,,
SCI18,18,SCI18_7_1,18,7,1,72.05741969,,
SCI18,18,SCI18_7_2,18,7,2,73.33241781,,
SCI18,18,SCI18_7_3,18,7,3,70.74168132,,
SCI18,18,SCI18_7_4,18,7,4,72.83675102,,
SCI18,18,SCI18_7_5,18,7,5,69.858062,,
SCI18,18,SCI18_8_1,18,8,1,74.05811894,,
SCI18,18,SCI18_8_2,18,8,2,68.86635746,,
SCI18,18,SCI18_8_3,18,8,3,68.53624944,,
SCI18,18,SCI18_8_4,18,8,4,65.51909177,,
SCI18,18,SCI18_8_5,18,8,5,39.85695055,,
SCI18,18,SCI18_9_1,18,9,1,73.1151192,,
SCI18,18,SCI18_9_2,18,9,2,71.62946047,,
SCI18,18,SCI18_9_3,18,9,3,69.95234717,,
SCI18,18,SCI18_9_4,18,9,4,66.38600982,,
SCI18,18,SCI18_9_5,18,9,5,63.31103822,,
SCI19,19,SCI19_1_1,19,1,1,59.20852917,,
SCI19,19,SCI19_1_2,19,1,2,45.85322405,,
SCI19,19,SCI19_1_3,19,1,3,37.46263159,,
SCI19,19,SCI19_1_4,19,1,4,31.97411311,,
SCI19,19,SCI19_1_5,19,1,5,26.08098039,,
SCI19,19,SCI19_2_1,19,2,1,68.45222978,,
SCI19,19,SCI19_2_2,19,2,2,56.65561475,,
SCI19,19,SCI19_2_3,19,2,3,48.17867711,,
SCI19,19,SCI19_2_4,19,2,4,46.32605686,,
SCI19,19,SCI19_2_5,19,2,5,39.9867495,,
SCI19,19,SCI19_3_1,19,3,1,63.09461693,,
SCI19,19,SCI19_3_2,19,3,2,56.37107023,,
SCI19,19,SCI19_3_3,19,3,3,45.15369323,,
SCI19,19,SCI19_3_4,19,3,4,36.41731206,,
SCI19,19,SCI19_3_5,19,3,5,39.02349298,,
SCI19,19,SCI19_4_1,19,4,1,36.43198543,,
SCI19,19,SCI19_4_2,19,4,2,52.63576881,,
SCI19,19,SCI19_4_3,19,4,3,63.70268564,,
SCI19,19,SCI19_4_4,19,4,4,52.2692746,,
SCI19,19,SCI19_4_5,19,4,5,49.48250865,,
SCI19,19,SCI19_5_1,19,5,1,72.30262817,,
SCI19,19,SCI19_5_2,19,5,2,66.50200394,,
SCI19,19,SCI19_5_3,19,5,3,53.86849969,,
SCI19,19,SCI19_5_4,19,5,4,33.58747899,,
SCI19,19,SCI19_5_5,19,5,5,27.03433695,,
SCI19,19,SCI19_6_1,19,6,1,76.0840554,,
SCI19,19,SCI19_6_2,19,6,2,69.44388583,,
SCI19,19,SCI19_6_3,19,6,3,62.62906931,,
SCI19,19,SCI19_6_4,19,6,4,58.91868824,,
SCI19,19,SCI19_6_5,19,6,5,45.67193144,,
SCI19,19,SCI19_7_1,19,7,1,73.55117773,,
SCI19,19,SCI19_7_2,19,7,2,58.97403446,,
SCI19,19,SCI19_7_3,19,7,3,58.12614681,,
SCI19,19,SCI19_7_4,19,7,4,49.27764303,,
SCI19,19,SCI19_7_5,19,7,5,44.93681146,,
SCI19,19,SCI19_8_1,19,8,1,71.60609294,,
SCI19,19,SCI19_8_2,19,8,2,67.86887717,,
SCI19,19,SCI19_8_3,19,8,3,58.48857999,,
SCI19,19,SCI19_8_4,19,8,4,55.40038555,,
SCI19,19,SCI19_8_5,19,8,5,31.97806431,,
SCI19,19,SCI19_9_1,19,9,1,68.16304599,,
SCI19,19,SCI19_9_2,19,9,2,62.32691585,,
SCI19,19,SCI19_9_3,19,9,3,60.71608568,,
SCI19,19,SCI19_9_4,19,9,4,46.96086522,,
SCI19,19,SCI19_9_5,19,9,5,37.12029918,,
SCI20,20,SCI20_1_1,20,1,1,65.23605564,,
SCI20,20,SCI20_1_2,20,1,2,53.41446407,,
SCI20,20,SCI20_1_3,20,1,3,39.07376658,,
SCI20,20,SCI20_1_4,20,1,4,29.94705943,,
SCI20,20,SCI20_1_5,20,1,5,28.45102688,,
SCI20,20,SCI20_2_1,20,2,1,52.69200649,,
SCI20,20,SCI20_2_2,20,2,2,46.47689551,,
SCI20,20,SCI20_2_3,20,2,3,34.30399899,,
SCI20,20,SCI20_2_4,20,2,4,28.05459183,,
SCI20,20,SCI20_2_5,20,2,5,25.98421528,,
SCI20,20,SCI20_3_1,20,3,1,53.52844895,,
SCI20,20,SCI20_3_2,20,3,2,38.70530906,,
SCI20,20,SCI20_3_3,20,3,3,35.86802902,,
SCI20,20,SCI20_3_4,20,3,4,25.56747913,,
SCI20,20,SCI20_3_5,20,3,5,27.86957842,,
SCI20,20,SCI20_4_1,20,4,1,39.23226684,,
SCI20,20,SCI20_4_2,20,4,2,48.28413152,,
SCI20,20,SCI20_4_3,20,4,3,54.32323311,,
SCI20,20,SCI20_4_4,20,4,4,52.86601327,,
SCI20,20,SCI20_4_5,20,4,5,48.68190934,,
SCI20,20,SCI20_5_1,20,5,1,68.69920032,,
SCI20,20,SCI20_5_2,20,5,2,55.54890376,,
SCI20,20,SCI20_5_3,20,5,3,42.24465665,,
SCI20,20,SCI20_5_4,20,5,4,36.83609651,,
SCI20,20,SCI20_5_5,20,5,5,25.46314586,,
SCI20,20,SCI20_6_1,20,6,1,68.82645587,,
SCI20,20,SCI20_6_2,20,6,2,66.1277537,,
SCI20,20,SCI20_6_3,20,6,3,51.90299819,,
SCI20,20,SCI20_6_4,20,6,4,47.77775041,,
SCI20,20,SCI20_6_5,20,6,5,27.33165449,,
SCI20,20,SCI20_7_1,20,7,1,69.53430053,,
SCI20,20,SCI20_7_2,20,7,2,69.80871056,,
SCI20,20,SCI20_7_3,20,7,3,63.65461897,,
SCI20,20,SCI20_7_4,20,7,4,61.49990537,,
SCI20,20,SCI20_7_5,20,7,5,49.80064215,,
SCI20,20,SCI20_8_1,20,8,1,69.4330529,,
SCI20,20,SCI20_8_2,20,8,2,69.39138752,,
SCI20,20,SCI20_8_3,20,8,3,67.00959072,,
SCI20,20,SCI20_8_4,20,8,4,66.81165152,,
SCI20,20,SCI20_8_5,20,8,5,42.00123262,,
SCI20,20,SCI20_9_1,20,9,1,73.10736374,,
SCI20,20,SCI20_9_2,20,9,2,68.60635474,,
SCI20,20,SCI20_9_3,20,9,3,69.28410142,,
SCI20,20,SCI20_9_4,20,9,4,49.27001474,,
SCI20,20,SCI20_9_5,20,9,5,36.36619022,,
SCI21,21,SCI21_1_1,21,1,1,60.65005987,,
SCI21,21,SCI21_1_2,21,1,2,46.70429193,,
SCI21,21,SCI21_1_3,21,1,3,42.59439465,,
SCI21,21,SCI21_1_4,21,1,4,32.64750635,,
SCI21,21,SCI21_1_5,21,1,5,25.04627302,,
SCI21,21,SCI21_2_1,21,2,1,63.58473838,,
SCI21,21,SCI21_2_2,21,2,2,52.69223047,,
SCI21,21,SCI21_2_3,21,2,3,40.93092224,,
SCI21,21,SCI21_2_4,21,2,4,39.5258168,,
SCI21,21,SCI21_2_5,21,2,5,33.53991765,,
SCI21,21,SCI21_3_1,21,3,1,62.543035,,
SCI21,21,SCI21_3_2,21,3,2,52.60944416,,
SCI21,21,SCI21_3_3,21,3,3,41.92588537,,
SCI21,21,SCI21_3_4,21,3,4,27.84218499,,
SCI21,21,SCI21_3_5,21,3,5,30.35501822,,
SCI21,21,SCI21_4_1,21,4,1,36.60310714,,
SCI21,21,SCI21_4_2,21,4,2,53.32533975,,
SCI21,21,SCI21_4_3,21,4,3,61.36529347,,
SCI21,21,SCI21_4_4,21,4,4,58.47918374,,
SCI21,21,SCI21_4_5,21,4,5,50.91166772,,
SCI21,21,SCI21_5_1,21,5,1,66.10401393,,
SCI21,21,SCI21_5_2,21,5,2,54.61548911,,
SCI21,21,SCI21_5_3,21,5,3,50.32472367,,
SCI21,21,SCI21_5_4,21,5,4,34.75149563,,
SCI21,21,SCI21_5_5,21,5,5,29.2141873,,
SCI21,21,SCI21_6_1,21,6,1,69.73486718,,
SCI21,21,SCI21_6_2,21,6,2,53.75384109,,
SCI21,21,SCI21_6_3,21,6,3,39.02848614,,
SCI21,21,SCI21_6_4,21,6,4,35.67142117,,
SCI21,21,SCI21_6_5,21,6,5,29.45872925,,
SCI21,21,SCI21_7_1,21,7,1,73.23286613,,
SCI21,21,SCI21_7_2,21,7,2,60.19025434,,
SCI21,21,SCI21_7_3,21,7,3,53.80658813,,
SCI21,21,SCI21_7_4,21,7,4,54.53741006,,
SCI21,21,SCI21_7_5,21,7,5,44.08832433,,
SCI21,21,SCI21_8_1,21,8,1,71.92559014,,
SCI21,21,SCI21_8_2,21,8,2,74.16321978,,
SCI21,21,SCI21_8_3,21,8,3,69.52755801,,
SCI21,21,SCI21_8_4,21,8,4,63.22664741,,
SCI21,21,SCI21_8_5,21,8,5,39.70506779,,
SCI21,21,SCI21_9_1,21,9,1,67.74846688,,
SCI21,21,SCI21_9_2,21,9,2,64.4784461,,
SCI21,21,SCI21_9_3,21,9,3,58.73195285,,
SCI21,21,SCI21_9_4,21,9,4,53.25063086,,
SCI21,21,SCI21_9_5,21,9,5,40.7047709,,
SCI22,22,SCI22_1_1,22,1,1,58.22877728,,
SCI22,22,SCI22_1_2,22,1,2,47.11246051,,
SCI22,22,SCI22_1_3,22,1,3,43.59647044,,
SCI22,22,SCI22_1_4,22,1,4,31.99495127,,
SCI22,22,SCI22_1_5,22,1,5,30.46834613,,
SCI22,22,SCI22_2_1,22,2,1,63.4005935,,
SCI22,22,SCI22_2_2,22,2,2,56.46953299,,
SCI22,22,SCI22_2_3,22,2,3,51.46323021,,
SCI22,22,SCI22_2_4,22,2,4,45.16981257,,
SCI22,22,SCI22_2_5,22,2,5,42.19217179,,
SCI22,22,SCI22_3_1,22,3,1,62.79327526,,
SCI22,22,SCI22_3_2,22,3,2,53.81512143,,
SCI22,22,SCI22_3_3,22,3,3,46.24359206,,
SCI22,22,SCI22_3_4,22,3,4,43.13592945,,
SCI22,22,SCI22_3_5,22,3,5,38.23408166,,
SCI22,22,SCI22_4_1,22,4,1,38.38895165,,
SCI22,22,SCI22_4_2,22,4,2,51.44194888,,
SCI22,22,SCI22_4_3,22,4,3,60.2074092,,
SCI22,22,SCI22_4_4,22,4,4,53.91293224,,
SCI22,22,SCI22_4_5,22,4,5,50.33670573,,
SCI22,22,SCI22_5_1,22,5,1,67.62159937,,
SCI22,22,SCI22_5_2,22,5,2,63.44053968,,
SCI22,22,SCI22_5_3,22,5,3,53.2354479,,
SCI22,22,SCI22_5_4,22,5,4,33.44546987,,
SCI22,22,SCI22_5_5,22,5,5,27.26113045,,
SCI22,22,SCI22_6_1,22,6,1,71.56058378,,
SCI22,22,SCI22_6_2,22,6,2,68.98641985,,
SCI22,22,SCI22_6_3,22,6,3,55.73349439,,
SCI22,22,SCI22_6_4,22,6,4,43.27953339,,
SCI22,22,SCI22_6_5,22,6,5,43.93963204,,
SCI22,22,SCI22_7_1,22,7,1,73.46121903,,
SCI22,22,SCI22_7_2,22,7,2,64.06676858,,
SCI22,22,SCI22_7_3,22,7,3,59.87119209,,
SCI22,22,SCI22_7_4,22,7,4,55.08833195,,
SCI22,22,SCI22_7_5,22,7,5,44.48535379,,
SCI22,22,SCI22_8_1,22,8,1,70.61709251,,
SCI22,22,SCI22_8_2,22,8,2,67.97704147,,
SCI22,22,SCI22_8_3,22,8,3,45.17379206,,
SCI22,22,SCI22_8_4,22,8,4,44.35964089,,
SCI22,22,SCI22_8_5,22,8,5,32.97615862,,
SCI22,22,SCI22_9_1,22,9,1,64.15882366,,
SCI22,22,SCI22_9_2,22,9,2,63.25113678,,
SCI22,22,SCI22_9_3,22,9,3,58.7272318,,
SCI22,22,SCI22_9_4,22,9,4,40.72554979,,
SCI22,22,SCI22_9_5,22,9,5,33.45687666,,
SCI23,23,SCI23_1_1,23,1,1,53.76304043,,
SCI23,23,SCI23_1_2,23,1,2,39.50942126,,
SCI23,23,SCI23_1_3,23,1,3,39.93466542,,
SCI23,23,SCI23_1_4,23,1,4,28.40959455,,
SCI23,23,SCI23_1_5,23,1,5,26.60915366,,
SCI23,23,SCI23_2_1,23,2,1,58.84327402,,
SCI23,23,SCI23_2_2,23,2,2,52.50861474,,
SCI23,23,SCI23_2_3,23,2,3,42.63963735,,
SCI23,23,SCI23_2_4,23,2,4,42.95186445,,
SCI23,23,SCI23_2_5,23,2,5,38.65084563,,
SCI23,23,SCI23_3_1,23,3,1,63.06691616,,
SCI23,23,SCI23_3_2,23,3,2,50.16146596,,
SCI23,23,SCI23_3_3,23,3,3,48.33338637,,
SCI23,23,SCI23_3_4,23,3,4,32.68919118,,
SCI23,23,SCI23_3_5,23,3,5,28.19280612,,
SCI23,23,SCI23_4_1,23,4,1,37.19226611,,
SCI23,23,SCI23_4_2,23,4,2,52.80376664,,
SCI23,23,SCI23_4_3,23,4,3,67.82040358,,
SCI23,23,SCI23_4_4,23,4,4,60.8031643,,
SCI23,23,SCI23_4_5,23,4,5,60.82471034,,
SCI23,23,SCI23_5_1,23,5,1,63.45537442,,
SCI23,23,SCI23_5_2,23,5,2,50.87794761,,
SCI23,23,SCI23_5_3,23,5,3,39.6603871,,
SCI23,23,SCI23_5_4,23,5,4,27.53999924,,
SCI23,23,SCI23_5_5,23,5,5,23.57835842,,
SCI23,23,SCI23_6_1,23,6,1,73.68227169,,
SCI23,23,SCI23_6_2,23,6,2,69.55601638,,
SCI23,23,SCI23_6_3,23,6,3,50.68368375,,
SCI23,23,SCI23_6_4,23,6,4,34.46876918,,
SCI23,23,SCI23_6_5,23,6,5,28.39646318,,
SCI23,23,SCI23_7_1,23,7,1,72.31702389,,
SCI23,23,SCI23_7_2,23,7,2,62.58275623,,
SCI23,23,SCI23_7_3,23,7,3,53.90877963,,
SCI23,23,SCI23_7_4,23,7,4,51.86562883,,
SCI23,23,SCI23_7_5,23,7,5,45.55454769,,
SCI23,23,SCI23_8_1,23,8,1,73.43018429,,
SCI23,23,SCI23_8_2,23,8,2,70.14290404,,
SCI23,23,SCI23_8_3,23,8,3,61.86722024,,
SCI23,23,SCI23_8_4,23,8,4,50.4531452,,
SCI23,23,SCI23_8_5,23,8,5,30.65515394,,
SCI23,23,SCI23_9_1,23,9,1,63.92474943,,
SCI23,23,SCI23_9_2,23,9,2,62.36700517,,
SCI23,23,SCI23_9_3,23,9,3,46.39646513,,
SCI23,23,SCI23_9_4,23,9,4,41.81466774,,
SCI23,23,SCI23_9_5,23,9,5,35.95218796,,
SCI24,24,SCI24_1_1,24,1,1,67.64637883,,
SCI24,24,SCI24_1_2,24,1,2,54.82425249,,
SCI24,24,SCI24_1_3,24,1,3,55.01833476,,
SCI24,24,SCI24_1_4,24,1,4,41.15509966,,
SCI24,24,SCI24_1_5,24,1,5,32.62017355,,
SCI24,24,SCI24_2_1,24,2,1,59.65467166,,
SCI24,24,SCI24_2_2,24,2,2,48.33959734,,
SCI24,24,SCI24_2_3,24,2,3,44.07178371,,
SCI24,24,SCI24_2_4,24,2,4,39.44082449,,
SCI24,24,SCI24_2_5,24,2,5,33.70622709,,
SCI24,24,SCI24_3_1,24,3,1,56.78379266,,
SCI24,24,SCI24_3_2,24,3,2,46.01957372,,
SCI24,24,SCI24_3_3,24,3,3,40.77156777,,
SCI24,24,SCI24_3_4,24,3,4,31.27600303,,
SCI24,24,SCI24_3_5,24,3,5,24.4814721,,
SCI24,24,SCI24_4_1,24,4,1,45.40950778,,
SCI24,24,SCI24_4_2,24,4,2,50.77469044,,
SCI24,24,SCI24_4_3,24,4,3,60.04708022,,
SCI24,24,SCI24_4_4,24,4,4,52.58525496,,
SCI24,24,SCI24_4_5,24,4,5,63.80608607,,
SCI24,24,SCI24_5_1,24,5,1,69.25301334,,
SCI24,24,SCI24_5_2,24,5,2,65.10664235,,
SCI24,24,SCI24_5_3,24,5,3,56.67251759,,
SCI24,24,SCI24_5_4,24,5,4,42.24688991,,
SCI24,24,SCI24_5_5,24,5,5,33.71373506,,
SCI24,24,SCI24_6_1,24,6,1,71.4243887,,
SCI24,24,SCI24_6_2,24,6,2,65.51302415,,
SCI24,24,SCI24_6_3,24,6,3,40.47735276,,
SCI24,24,SCI24_6_4,24,6,4,31.97895176,,
SCI24,24,SCI24_6_5,24,6,5,26.17151988,,
SCI24,24,SCI24_7_1,24,7,1,71.43757226,,
SCI24,24,SCI24_7_2,24,7,2,73.48793295,,
SCI24,24,SCI24_7_3,24,7,3,69.99420116,,
SCI24,24,SCI24_7_4,24,7,4,61.84978986,,
SCI24,24,SCI24_7_5,24,7,5,53.61721973,,
SCI24,24,SCI24_8_1,24,8,1,70.42514879,,
SCI24,24,SCI24_8_2,24,8,2,73.2276394,,
SCI24,24,SCI24_8_3,24,8,3,72.90367216,,
SCI24,24,SCI24_8_4,24,8,4,70.65159534,,
SCI24,24,SCI24_8_5,24,8,5,49.68757292,,
SCI24,24,SCI24_9_1,24,9,1,74.63023616,,
SCI24,24,SCI24_9_2,24,9,2,71.67714773,,
SCI24,24,SCI24_9_3,24,9,3,68.35486711,,
SCI24,24,SCI24_9_4,24,9,4,57.24163684,,
SCI24,24,SCI24_9_5,24,9,5,51.25069592,,
SCI25,25,SCI25_1_1,25,1,1,59.30107745,,
SCI25,25,SCI25_1_2,25,1,2,43.01159692,,
SCI25,25,SCI25_1_3,25,1,3,41.88403449,,
SCI25,25,SCI25_1_4,25,1,4,32.42517085,,
SCI25,25,SCI25_1_5,25,1,5,28.61021792,,
SCI25,25,SCI25_2_1,25,2,1,62.94965122,,
SCI25,25,SCI25_2_2,25,2,2,62.17240925,,
SCI25,25,SCI25_2_3,25,2,3,54.87722449,,
SCI25,25,SCI25_2_4,25,2,4,50.08104054,,
SCI25,25,SCI25_2_5,25,2,5,44.83383026,,
SCI25,25,SCI25_3_1,25,3,1,66.06468947,,
SCI25,25,SCI25_3_2,25,3,2,54.30559596,,
SCI25,25,SCI25_3_3,25,3,3,49.39615776,,
SCI25,25,SCI25_3_4,25,3,4,39.97840503,,
SCI25,25,SCI25_3_5,25,3,5,43.88139821,,
SCI25,25,SCI25_4_1,25,4,1,35.20391554,,
SCI25,25,SCI25_4_2,25,4,2,54.1095334,,
SCI25,25,SCI25_4_3,25,4,3,64.18341333,,
SCI25,25,SCI25_4_4,25,4,4,57.872503,,
SCI25,25,SCI25_4_5,25,4,5,50.81848317,,
SCI25,25,SCI25_5_1,25,5,1,71.27607458,,
SCI25,25,SCI25_5_2,25,5,2,63.29120305,,
SCI25,25,SCI25_5_3,25,5,3,57.6574041,,
SCI25,25,SCI25_5_4,25,5,4,33.56019341,,
SCI25,25,SCI25_5_5,25,5,5,26.70505588,,
SCI25,25,SCI25_6_1,25,6,1,73.16974804,,
SCI25,25,SCI25_6_2,25,6,2,71.02123202,,
SCI25,25,SCI25_6_3,25,6,3,68.58597152,,
SCI25,25,SCI25_6_4,25,6,4,59.1446397,,
SCI25,25,SCI25_6_5,25,6,5,52.80326729,,
SCI25,25,SCI25_7_1,25,7,1,69.20792373,,
SCI25,25,SCI25_7_2,25,7,2,68.25139773,,
SCI25,25,SCI25_7_3,25,7,3,68.04455121,,
SCI25,25,SCI25_7_4,25,7,4,54.71010422,,
SCI25,25,SCI25_7_5,25,7,5,51.86673534,,
SCI25,25,SCI25_8_1,25,8,1,74.00622063,,
SCI25,25,SCI25_8_2,25,8,2,64.74092122,,
SCI25,25,SCI25_8_3,25,8,3,57.8475944,,
SCI25,25,SCI25_8_4,25,8,4,48.03689438,,
SCI25,25,SCI25_8_5,25,8,5,29.2083598,,
SCI25,25,SCI25_9_1,25,9,1,65.98522884,,
SCI25,25,SCI25_9_2,25,9,2,63.39059489,,
SCI25,25,SCI25_9_3,25,9,3,64.69571417,,
SCI25,25,SCI25_9_4,25,9,4,50.6549394,,
SCI25,25,SCI25_9_5,25,9,5,41.07896134,,
SCI26,26,SCI26_1_1,26,1,1,53.37996624,,
SCI26,26,SCI26_1_2,26,1,2,40.51892308,,
SCI26,26,SCI26_1_3,26,1,3,38.52546777,,
SCI26,26,SCI26_1_4,26,1,4,28.90264164,,
SCI26,26,SCI26_1_5,26,1,5,25.10276879,,
SCI26,26,SCI26_2_1,26,2,1,55.37728124,,
SCI26,26,SCI26_2_2,26,2,2,43.60881221,,
SCI26,26,SCI26_2_3,26,2,3,34.46124889,,
SCI26,26,SCI26_2_4,26,2,4,31.96288328,,
SCI26,26,SCI26_2_5,26,2,5,25.22697701,,
SCI26,26,SCI26_3_1,26,3,1,46.42204667,,
SCI26,26,SCI26_3_2,26,3,2,34.24913317,,
SCI26,26,SCI26_3_3,26,3,3,32.08193389,,
SCI26,26,SCI26_3_4,26,3,4,27.98361821,,
SCI26,26,SCI26_3_5,26,3,5,27.17628452,,
SCI26,26,SCI26_4_1,26,4,1,34.76182219,,
SCI26,26,SCI26_4_2,26,4,2,50.4813898,,
SCI26,26,SCI26_4_3,26,4,3,63.45214655,,
SCI26,26,SCI26_4_4,26,4,4,59.52393458,,
SCI26,26,SCI26_4_5,26,4,5,48.6865885,,
SCI26,26,SCI26_5_1,26,5,1,67.07696399,,
SCI26,26,SCI26_5_2,26,5,2,49.12685056,,
SCI26,26,SCI26_5_3,26,5,3,45.52215483,,
SCI26,26,SCI26_5_4,26,5,4,29.11993966,,
SCI26,26,SCI26_5_5,26,5,5,27.82817177,,
SCI26,26,SCI26_6_1,26,6,1,74.55680502,,
SCI26,26,SCI26_6_2,26,6,2,67.67452952,,
SCI26,26,SCI26_6_3,26,6,3,36.88311307,,
SCI26,26,SCI26_6_4,26,6,4,35.28106929,,
SCI26,26,SCI26_6_5,26,6,5,29.25371469,,
SCI26,26,SCI26_7_1,26,7,1,72.48541056,,
SCI26,26,SCI26_7_2,26,7,2,68.74832154,,
SCI26,26,SCI26_7_3,26,7,3,61.38522108,,
SCI26,26,SCI26_7_4,26,7,4,55.15022382,,
SCI26,26,SCI26_7_5,26,7,5,46.92735683,,
SCI26,26,SCI26_8_1,26,8,1,74.2128002,,
SCI26,26,SCI26_8_2,26,8,2,67.80302048,,
SCI26,26,SCI26_8_3,26,8,3,65.0288452,,
SCI26,26,SCI26_8_4,26,8,4,56.82507876,,
SCI26,26,SCI26_8_5,26,8,5,32.12196599,,
SCI26,26,SCI26_9_1,26,9,1,61.57179481,,
SCI26,26,SCI26_9_2,26,9,2,50.61258986,,
SCI26,26,SCI26_9_3,26,9,3,50.09746079,,
SCI26,26,SCI26_9_4,26,9,4,35.98538831,,
SCI26,26,SCI26_9_5,26,9,5,31.27501068,,
SCI27,27,SCI27_1_1,27,1,1,65.15281515,,
SCI27,27,SCI27_1_2,27,1,2,52.36512211,,
SCI27,27,SCI27_1_3,27,1,3,43.67815493,,
SCI27,27,SCI27_1_4,27,1,4,33.04137778,,
SCI27,27,SCI27_1_5,27,1,5,31.93531897,,
SCI27,27,SCI27_2_1,27,2,1,62.55021936,,
SCI27,27,SCI27_2_2,27,2,2,50.45107767,,
SCI27,27,SCI27_2_3,27,2,3,45.44673652,,
SCI27,27,SCI27_2_4,27,2,4,43.36230365,,
SCI27,27,SCI27_2_5,27,2,5,37.2852058,,
SCI27,27,SCI27_3_1,27,3,1,60.58155314,,
SCI27,27,SCI27_3_2,27,3,2,51.15736874,,
SCI27,27,SCI27_3_3,27,3,3,46.68356195,,
SCI27,27,SCI27_3_4,27,3,4,38.1335975,,
SCI27,27,SCI27_3_5,27,3,5,35.62544812,,
SCI27,27,SCI27_4_1,27,4,1,36.94204047,,
SCI27,27,SCI27_4_2,27,4,2,51.46781235,,
SCI27,27,SCI27_4_3,27,4,3,52.88264043,,
SCI27,27,SCI27_4_4,27,4,4,48.99398785,,
SCI27,27,SCI27_4_5,27,4,5,42.4191869,,
SCI27,27,SCI27_5_1,27,5,1,66.50664647,,
SCI27,27,SCI27_5_2,27,5,2,65.66794537,,
SCI27,27,SCI27_5_3,27,5,3,55.64813379,,
SCI27,27,SCI27_5_4,27,5,4,45.23455165,,
SCI27,27,SCI27_5_5,27,5,5,44.72963031,,
SCI27,27,SCI27_6_1,27,6,1,72.48417949,,
SCI27,27,SCI27_6_2,27,6,2,72.49010732,,
SCI27,27,SCI27_6_3,27,6,3,62.59255435,,
SCI27,27,SCI27_6_4,27,6,4,49.25635565,,
SCI27,27,SCI27_6_5,27,6,5,38.7227211,,
SCI27,27,SCI27_7_1,27,7,1,72.02952593,,
SCI27,27,SCI27_7_2,27,7,2,64.13007993,,
SCI27,27,SCI27_7_3,27,7,3,59.3837105,,
SCI27,27,SCI27_7_4,27,7,4,52.26675248,,
SCI27,27,SCI27_7_5,27,7,5,52.17801195,,
SCI27,27,SCI27_8_1,27,8,1,69.23764671,,
SCI27,27,SCI27_8_2,27,8,2,70.80196038,,
SCI27,27,SCI27_8_3,27,8,3,66.41430381,,
SCI27,27,SCI27_8_4,27,8,4,63.98277004,,
SCI27,27,SCI27_8_5,27,8,5,49.07997052,,
SCI27,27,SCI27_9_1,27,9,1,72.87829643,,
SCI27,27,SCI27_9_2,27,9,2,72.3483216,,
SCI27,27,SCI27_9_3,27,9,3,68.43072182,,
SCI27,27,SCI27_9_4,27,9,4,67.32863392,,
SCI27,27,SCI27_9_5,27,9,5,47.299092,,
SCI28,28,SCI28_1_1,28,1,1,55.95410786,,
SCI28,28,SCI28_1_2,28,1,2,41.09756919,,
SCI28,28,SCI28_1_3,28,1,3,40.44694125,,
SCI28,28,SCI28_1_4,28,1,4,30.92411554,,
SCI28,28,SCI28_1_5,28,1,5,27.91307361,,
SCI28,28,SCI28_2_1,28,2,1,65.24663158,,
SCI28,28,SCI28_2_2,28,2,2,56.42483314,,
SCI28,28,SCI28_2_3,28,2,3,49.46321421,,
SCI28,28,SCI28_2_4,28,2,4,49.89283517,,
SCI28,28,SCI28_2_5,28,2,5,44.88026405,,
SCI28,28,SCI28_3_1,28,3,1,64.91346595,,
SCI28,28,SCI28_3_2,28,3,2,55.81281503,,
SCI28,28,SCI28_3_3,28,3,3,52.49489679,,
SCI28,28,SCI28_3_4,28,3,4,51.45990423,,
SCI28,28,SCI28_3_5,28,3,5,43.14311653,,
SCI28,28,SCI28_4_1,28,4,1,37.19521596,,
SCI28,28,SCI28_4_2,28,4,2,49.68019596,,
SCI28,28,SCI28_4_3,28,4,3,69.00314568,,
SCI28,28,SCI28_4_4,28,4,4,54.35727337,,
SCI28,28,SCI28_4_5,28,4,5,56.72744611,,
SCI28,28,SCI28_5_1,28,5,1,73.49925375,,
SCI28,28,SCI28_5_2,28,5,2,60.90443743,,
SCI28,28,SCI28_5_3,28,5,3,54.62465502,,
SCI28,28,SCI28_5_4,28,5,4,34.16144212,,
SCI28,28,SCI28_5_5,28,5,5,22.90105716,,
SCI28,28,SCI28_6_1,28,6,1,72.29265565,,
SCI28,28,SCI28_6_2,28,6,2,73.73887643,,
SCI28,28,SCI28_6_3,28,6,3,63.16337766,,
SCI28,28,SCI28_6_4,28,6,4,61.68360652,,
SCI28,28,SCI28_6_5,28,6,5,40.08004545,,
SCI28,28,SCI28_7_1,28,7,1,71.64379116,,
SCI28,28,SCI28_7_2,28,7,2,65.57425313,,
SCI28,28,SCI28_7_3,28,7,3,56.79999526,,
SCI28,28,SCI28_7_4,28,7,4,48.70471932,,
SCI28,28,SCI28_7_5,28,7,5,41.78314427,,
SCI28,28,SCI28_8_1,28,8,1,75.7756961,,
SCI28,28,SCI28_8_2,28,8,2,63.75519045,,
SCI28,28,SCI28_8_3,28,8,3,57.34167116,,
SCI28,28,SCI28_8_4,28,8,4,49.12318635,,
SCI28,28,SCI28_8_5,28,8,5,31.7512498,,
SCI28,28,SCI28_9_1,28,9,1,53.94259949,,
SCI28,28,SCI28_9_2,28,9,2,52.44732764,,
SCI28,28,SCI28_9_3,28,9,3,51.05637303,,
SCI28,28,SCI28_9_4,28,9,4,43.23755584,,
SCI28,28,SCI28_9_5,28,9,5,31.45592983,,
SCI29,29,SCI29_1_1,29,1,1,59.4158118,0.20594059405940593,79.40594059405942
SCI29,29,SCI29_1_2,29,1,2,49.0117411,0.22623762376237624,77.37623762376238
SCI29,29,SCI29_1_3,29,1,3,45.36780071,0.2188118811881188,78.11881188118812
SCI29,29,SCI29_1_4,29,1,4,30.77510561,0.2376237623762376,76.23762376237624
SCI29,29,SCI29_1_5,29,1,5,26.81721496,0.2693069306930693,73.06930693069307
SCI29,29,SCI29_2_1,29,2,1,58.41773292,0.21831683168316832,78.16831683168317
SCI29,29,SCI29_2_2,29,2,2,45.17090766,0.22277227722772278,77.72277227722772
SCI29,29,SCI29_2_3,29,2,3,39.26820296,0.26584158415841586,73.41584158415841
SCI29,29,SCI29_2_4,29,2,4,33.76125721,0.2871287128712871,71.28712871287128
SCI29,29,SCI29_2_5,29,2,5,30.36959493,0.4495049504950495,55.049504950495056
SCI29,29,SCI29_3_1,29,3,1,53.84768422,0.2603960396039604,73.96039603960396
SCI29,29,SCI29_3_2,29,3,2,42.33806664,0.2866336633663366,71.33663366336633
SCI29,29,SCI29_3_3,29,3,3,36.60120954,0.3084158415841584,69.15841584158416
SCI29,29,SCI29_3_4,29,3,4,32.23315344,0.7029702970297029,29.702970297029708
SCI29,29,SCI29_3_5,29,3,5,29.08312568,0.845049504950495,15.495049504950497
SCI29,29,SCI29_4_1,29,4,1,40.47497464,0.23564356435643563,76.43564356435644
SCI29,29,SCI29_4_2,29,4,2,47.78972618,0.22376237623762377,77.62376237623762
SCI29,29,SCI29_4_3,29,4,3,52.61251027,0.21831683168316832,78.16831683168317
SCI29,29,SCI29_4_4,29,4,4,58.60232644,0.200990099009901,79.9009900990099
SCI29,29,SCI29_4_5,29,4,5,54.1916026,0.21138613861386138,78.86138613861387
SCI29,29,SCI29_5_1,29,5,1,66.81763647,0.2198019801980198,78.01980198019803
SCI29,29,SCI29_5_2,29,5,2,58.91261938,0.24158415841584158,75.84158415841584
SCI29,29,SCI29_5_3,29,5,3,46.75630052,0.27871287128712874,72.12871287128712
SCI29,29,SCI29_5_4,29,5,4,41.133499,0.29504950495049503,70.49504950495049
SCI29,29,SCI29_5_5,29,5,5,29.54735864,0.33960396039603963,66.03960396039604
SCI29,29,SCI29_6_1,29,6,1,68.40474821,0.2188118811881188,78.11881188118812
SCI29,29,SCI29_6_2,29,6,2,52.23193369,0.2316831683168317,76.83168316831683
SCI29,29,SCI29_6_3,29,6,3,39.1635166,0.2514851485148515,74.85148514851485
SCI29,29,SCI29_6_4,29,6,4,30.27280343,0.29207920792079206,70.79207920792079
SCI29,29,SCI29_6_5,29,6,5,28.04514556,0.3688118811881188,63.11881188118812
SCI29,29,SCI29_7_1,29,7,1,72.18387909,0.20297029702970298,79.70297029702971
SCI29,29,SCI29_7_2,29,7,2,64.93917841,0.20346534653465345,79.65346534653466
SCI29,29,SCI29_7_3,29,7,3,61.02014719,0.19554455445544555,80.44554455445545
SCI29,29,SCI29_7_4,29,7,4,55.15164761,0.19504950495049506,80.4950495049505
SCI29,29,SCI29_7_5,29,7,5,49.53098045,0.22178217821782178,77.82178217821783
SCI29,29,SCI29_8_1,29,8,1,73.52697325,0.20346534653465345,79.65346534653466
SCI29,29,SCI29_8_2,29,8,2,67.73063587,0.19554455445544555,80.44554455445545
SCI29,29,SCI29_8_3,29,8,3,55.93225351,0.20346534653465345,79.65346534653466
SCI29,29,SCI29_8_4,29,8,4,56.84705703,0.2014851485148515,79.85148514851485
SCI29,29,SCI29_8_5,29,8,5,34.87542344,0.24653465346534653,75.34653465346534
SCI29,29,SCI29_9_1,29,9,1,67.94642505,0.2024752475247525,79.75247524752476
SCI29,29,SCI29_9_2,29,9,2,70.64708422,0.20396039603960395,79.60396039603961
SCI29,29,SCI29_9_3,29,9,3,55.9171951,0.20495049504950494,79.50495049504951
SCI29,29,SCI29_9_4,29,9,4,40.53017308,0.22623762376237624,77.37623762376238
SCI29,29,SCI29_9_5,29,9,5,39.37838786,0.2386138613861386,76.13861386138613
SCI30,30,SCI30_1_1,30,1,1,64.50414404,,
SCI30,30,SCI30_1_2,30,1,2,44.48250336,,
SCI30,30,SCI30_1_3,30,1,3,42.97874846,,
SCI30,30,SCI30_1_4,30,1,4,30.13199107,,
SCI30,30,SCI30_1_5,30,1,5,26.6624676,,
SCI30,30,SCI30_2_1,30,2,1,52.39582872,,
SCI30,30,SCI30_2_2,30,2,2,40.18344879,,
SCI30,30,SCI30_2_3,30,2,3,32.70467954,,
SCI30,30,SCI30_2_4,30,2,4,30.34454612,,
SCI30,30,SCI30_2_5,30,2,5,24.83137529,,
SCI30,30,SCI30_3_1,30,3,1,45.16978516,,
SCI30,30,SCI30_3_2,30,3,2,35.58467414,,
SCI30,30,SCI30_3_3,30,3,3,33.62491385,,
SCI30,30,SCI30_3_4,30,3,4,27.05078915,,
SCI30,30,SCI30_3_5,30,3,5,24.40103094,,
SCI30,30,SCI30_4_1,30,4,1,32.23831281,,
SCI30,30,SCI30_4_2,30,4,2,50.5209595,,
SCI30,30,SCI30_4_3,30,4,3,61.8989639,,
SCI30,30,SCI30_4_4,30,4,4,54.12786734,,
SCI30,30,SCI30_4_5,30,4,5,57.12420845,,
SCI30,30,SCI30_5_1,30,5,1,57.73253235,,
SCI30,30,SCI30_5_2,30,5,2,46.60069312,,
SCI30,30,SCI30_5_3,30,5,3,42.41238776,,
SCI30,30,SCI30_5_4,30,5,4,28.04865346,,
SCI30,30,SCI30_5_5,30,5,5,28.02715946,,
SCI30,30,SCI30_6_1,30,6,1,75.10547821,,
SCI30,30,SCI30_6_2,30,6,2,61.02427406,,
SCI30,30,SCI30_6_3,30,6,3,31.32411449,,
SCI30,30,SCI30_6_4,30,6,4,25.96881436,,
SCI30,30,SCI30_6_5,30,6,5,23.75732685,,
SCI30,30,SCI30_7_1,30,7,1,74.2543006,,
SCI30,30,SCI30_7_2,30,7,2,64.82062968,,
SCI30,30,SCI30_7_3,30,7,3,55.6518663,,
SCI30,30,SCI30_7_4,30,7,4,54.00268377,,
SCI30,30,SCI30_7_5,30,7,5,45.78351176,,
SCI30,30,SCI30_8_1,30,8,1,71.44260504,,
SCI30,30,SCI30_8_2,30,8,2,71.87110264,,
SCI30,30,SCI30_8_3,30,8,3,72.05493005,,
SCI30,30,SCI30_8_4,30,8,4,66.57747096,,
SCI30,30,SCI30_8_5,30,8,5,42.61133886,,
SCI30,30,SCI30_9_1,30,9,1,70.963912,,
SCI30,30,SCI30_9_2,30,9,2,74.13110687,,
SCI30,30,SCI30_9_3,30,9,3,72.39346546,,
SCI30,30,SCI30_9_4,30,9,4,46.67478916,,
SCI30,30,SCI30_9_5,30,9,5,30.77792112,,
SCI31,31,SCI31_1_1,31,1,1,51.74886271,,
SCI31,31,SCI31_1_2,31,1,2,43.95219767,,
SCI31,31,SCI31_1_3,31,1,3,36.36908528,,
SCI31,31,SCI31_1_4,31,1,4,29.2271761,,
SCI31,31,SCI31_1_5,31,1,5,24.7851638,,
SCI31,31,SCI31_2_1,31,2,1,55.64463927,,
SCI31,31,SCI31_2_2,31,2,2,45.56110541,,
SCI31,31,SCI31_2_3,31,2,3,38.10109184,,
SCI31,31,SCI31_2_4,31,2,4,33.75205332,,
SCI31,31,SCI31_2_5,31,2,5,26.77878633,,
SCI31,31,SCI31_3_1,31,3,1,53.98167794,,
SCI31,31,SCI31_3_2,31,3,2,43.90959857,,
SCI31,31,SCI31_3_3,31,3,3,38.86874906,,
SCI31,31,SCI31_3_4,31,3,4,29.08774689,,
SCI31,31,SCI31_3_5,31,3,5,26.88230912,,
SCI31,31,SCI31_4_1,31,4,1,38.86198942,,
SCI31,31,SCI31_4_2,31,4,2,51.7493722,,
SCI31,31,SCI31_4_3,31,4,3,62.70633928,,
SCI31,31,SCI31_4_4,31,4,4,55.55460937,,
SCI31,31,SCI31_4_5,31,4,5,49.48966189,,
SCI31,31,SCI31_5_1,31,5,1,66.39354863,,
SCI31,31,SCI31_5_2,31,5,2,51.18590478,,
SCI31,31,SCI31_5_3,31,5,3,39.47375878,,
SCI31,31,SCI31_5_4,31,5,4,31.31212395,,
SCI31,31,SCI31_5_5,31,5,5,24.12004359,,
SCI31,31,SCI31_6_1,31,6,1,73.64973785,,
SCI31,31,SCI31_6_2,31,6,2,57.48567592,,
SCI31,31,SCI31_6_3,31,6,3,33.08219593,,
SCI31,31,SCI31_6_4,31,6,4,28.45478342,,
SCI31,31,SCI31_6_5,31,6,5,22.97515675,,
SCI31,31,SCI31_7_1,31,7,1,69.55477403,,
SCI31,31,SCI31_7_2,31,7,2,58.38575074,,
SCI31,31,SCI31_7_3,31,7,3,54.13592995,,
SCI31,31,SCI31_7_4,31,7,4,51.75510438,,
SCI31,31,SCI31_7_5,31,7,5,42.73487166,,
SCI31,31,SCI31_8_1,31,8,1,68.48751665,,
SCI31,31,SCI31_8_2,31,8,2,64.10596518,,
SCI31,31,SCI31_8_3,31,8,3,41.22463732,,
SCI31,31,SCI31_8_4,31,8,4,46.2173257,,
SCI31,31,SCI31_8_5,31,8,5,30.85937227,,
SCI31,31,SCI31_9_1,31,9,1,64.62854303,,
SCI31,31,SCI31_9_2,31,9,2,60.12938525,,
SCI31,31,SCI31_9_3,31,9,3,58.06122154,,
SCI31,31,SCI31_9_4,31,9,4,44.49660381,,
SCI31,31,SCI31_9_5,31,9,5,40.22068575,,
SCI32,32,SCI32_1_1,32,1,1,57.28021952,,
SCI32,32,SCI32_1_2,32,1,2,42.88702607,,
SCI32,32,SCI32_1_3,32,1,3,39.56348301,,
SCI32,32,SCI32_1_4,32,1,4,32.02646131,,
SCI32,32,SCI32_1_5,32,1,5,24.98034581,,
SCI32,32,SCI32_2_1,32,2,1,62.82185568,,
SCI32,32,SCI32_2_2,32,2,2,54.0864575,,
SCI32,32,SCI32_2_3,32,2,3,50.94166863,,
SCI32,32,SCI32_2_4,32,2,4,44.23229928,,
SCI32,32,SCI32_2_5,32,2,5,37.62243327,,
SCI32,32,SCI32_3_1,32,3,1,60.44273955,,
SCI32,32,SCI32_3_2,32,3,2,52.07252763,,
SCI32,32,SCI32_3_3,32,3,3,48.4464309,,
SCI32,32,SCI32_3_4,32,3,4,41.23858514,,
SCI32,32,SCI32_3_5,32,3,5,33.0137623,,
SCI32,32,SCI32_4_1,32,4,1,35.68138127,,
SCI32,32,SCI32_4_2,32,4,2,49.1790999,,
SCI32,32,SCI32_4_3,32,4,3,63.85139484,,
SCI32,32,SCI32_4_4,32,4,4,53.61915326,,
SCI32,32,SCI32_4_5,32,4,5,63.28195905,,
SCI32,32,SCI32_5_1,32,5,1,58.72627059,,
SCI32,32,SCI32_5_2,32,5,2,45.67563954,,
SCI32,32,SCI32_5_3,32,5,3,39.19683907,,
SCI32,32,SCI32_5_4,32,5,4,28.46949233,,
SCI32,32,SCI32_5_5,32,5,5,23.19350552,,
SCI32,32,SCI32_6_1,32,6,1,67.69752066,,
SCI32,32,SCI32_6_2,32,6,2,52.67783865,,
SCI32,32,SCI32_6_3,32,6,3,42.39180189,,
SCI32,32,SCI32_6_4,32,6,4,44.63634741,,
SCI32,32,SCI32_6_5,32,6,5,29.71665882,,
SCI32,32,SCI32_7_1,32,7,1,72.0529295,,
SCI32,32,SCI32_7_2,32,7,2,57.99929826,,
SCI32,32,SCI32_7_3,32,7,3,55.10881343,,
SCI32,32,SCI32_7_4,32,7,4,51.0031251,,
SCI32,32,SCI32_7_5,32,7,5,38.96967252,,
SCI32,32,SCI32_8_1,32,8,1,72.97891732,,
SCI32,32,SCI32_8_2,32,8,2,62.69300622,,
SCI32,32,SCI32_8_3,32,8,3,54.17838337,,
SCI32,32,SCI32_8_4,32,8,4,45.58600839,,
SCI32,32,SCI32_8_5,32,8,5,29.43795327,,
SCI32,32,SCI32_9_1,32,9,1,65.95998277,,
SCI32,32,SCI32_9_2,32,9,2,60.70969132,,
SCI32,32,SCI32_9_3,32,9,3,56.49660137,,
SCI32,32,SCI32_9_4,32,9,4,49.37080902,,
SCI32,32,SCI32_9_5,32,9,5,40.32237031,,
SCI33,33,SCI33_1_1,33,1,1,55.88894861,,
SCI33,33,SCI33_1_2,33,1,2,41.48547507,,
SCI33,33,SCI33_1_3,33,1,3,36.75690163,,
SCI33,33,SCI33_1_4,33,1,4,25.47410625,,
SCI33,33,SCI33_1_5,33,1,5,25.63757682,,
SCI33,33,SCI33_2_1,33,2,1,55.1657531,,
SCI33,33,SCI33_2_2,33,2,2,44.45550831,,
SCI33,33,SCI33_2_3,33,2,3,35.14545249,,
SCI33,33,SCI33_2_4,33,2,4,34.25459959,,
SCI33,33,SCI33_2_5,33,2,5,27.94742812,,
SCI33,33,SCI33_3_1,33,3,1,50.57621911,,
SCI33,33,SCI33_3_2,33,3,2,36.54546668,,
SCI33,33,SCI33_3_3,33,3,3,37.79030489,,
SCI33,33,SCI33_3_4,33,3,4,25.61183575,,
SCI33,33,SCI33_3_5,33,3,5,27.94339376,,
SCI33,33,SCI33_4_1,33,4,1,32.13344522,,
SCI33,33,SCI33_4_2,33,4,2,50.65714017,,
SCI33,33,SCI33_4_3,33,4,3,46.24114789,,
SCI33,33,SCI33_4_4,33,4,4,45.30119975,,
SCI33,33,SCI33_4_5,33,4,5,37.01918185,,
SCI33,33,SCI33_5_1,33,5,1,70.51501977,,
SCI33,33,SCI33_5_2,33,5,2,57.83938957,,
SCI33,33,SCI33_5_3,33,5,3,37.06405061,,
SCI33,33,SCI33_5_4,33,5,4,27.40070759,,
SCI33,33,SCI33_5_5,33,5,5,25.04115946,,
SCI33,33,SCI33_6_1,33,6,1,72.24411855,,
SCI33,33,SCI33_6_2,33,6,2,70.95037921,,
SCI33,33,SCI33_6_3,33,6,3,51.91452505,,
SCI33,33,SCI33_6_4,33,6,4,35.64051787,,
SCI33,33,SCI33_6_5,33,6,5,29.05685655,,
SCI33,33,SCI33_7_1,33,7,1,71.42417987,,
SCI33,33,SCI33_7_2,33,7,2,69.91912723,,
SCI33,33,SCI33_7_3,33,7,3,58.77979286,,
SCI33,33,SCI33_7_4,33,7,4,55.54012377,,
SCI33,33,SCI33_7_5,33,7,5,44.73130676,,
SCI33,33,SCI33_8_1,33,8,1,72.78057251,,
SCI33,33,SCI33_8_2,33,8,2,64.79707292,,
SCI33,33,SCI33_8_3,33,8,3,46.97693414,,
SCI33,33,SCI33_8_4,33,8,4,39.73579504,,
SCI33,33,SCI33_8_5,33,8,5,25.31691406,,
SCI33,33,SCI33_9_1,33,9,1,69.73943156,,
SCI33,33,SCI33_9_2,33,9,2,67.25142188,,
SCI33,33,SCI33_9_3,33,9,3,69.2297883,,
SCI33,33,SCI33_9_4,33,9,4,50.15897163,,
SCI33,33,SCI33_9_5,33,9,5,37.10169114,,
SCI34,34,SCI34_1_1,34,1,1,69.06714461,,
SCI34,34,SCI34_1_2,34,1,2,60.03876071,,
SCI34,34,SCI34_1_3,34,1,3,45.3927897,,
SCI34,34,SCI34_1_4,34,1,4,29.75230876,,
SCI34,34,SCI34_1_5,34,1,5,27.38473421,,
SCI34,34,SCI34_2_1,34,2,1,63.20569041,,
SCI34,34,SCI34_2_2,34,2,2,51.29614815,,
SCI34,34,SCI34_2_3,34,2,3,47.78516033,,
SCI34,34,SCI34_2_4,34,2,4,41.37764313,,
SCI34,34,SCI34_2_5,34,2,5,40.85595406,,
SCI34,34,SCI34_3_1,34,3,1,56.00170616,,
SCI34,34,SCI34_3_2,34,3,2,44.67969101,,
SCI34,34,SCI34_3_3,34,3,3,44.57622813,,
SCI34,34,SCI34_3_4,34,3,4,40.72191919,,
SCI34,34,SCI34_3_5,34,3,5,37.70980151,,
SCI34,34,SCI34_4_1,34,4,1,30.80675179,,
SCI34,34,SCI34_4_2,34,4,2,48.11175207,,
SCI34,34,SCI34_4_3,34,4,3,59.61767231,,
SCI34,34,SCI34_4_4,34,4,4,52.26526332,,
SCI34,34,SCI34_4_5,34,4,5,65.147283,,
SCI34,34,SCI34_5_1,34,5,1,60.92326424,,
SCI34,34,SCI34_5_2,34,5,2,50.96083586,,
SCI34,34,SCI34_5_3,34,5,3,43.55463668,,
SCI34,34,SCI34_5_4,34,5,4,38.62777044,,
SCI34,34,SCI34_5_5,34,5,5,31.21952618,,
SCI34,34,SCI34_6_1,34,6,1,74.38471438,,
SCI34,34,SCI34_6_2,34,6,2,72.20014777,,
SCI34,34,SCI34_6_3,34,6,3,51.25454805,,
SCI34,34,SCI34_6_4,34,6,4,46.49499435,,
SCI34,34,SCI34_6_5,34,6,5,41.41395396,,
SCI34,34,SCI34_7_1,34,7,1,73.47491804,,
SCI34,34,SCI34_7_2,34,7,2,59.30938889,,
SCI34,34,SCI34_7_3,34,7,3,53.41917019,,
SCI34,34,SCI34_7_4,34,7,4,47.99520287,,
SCI34,34,SCI34_7_5,34,7,5,34.46346424,,
SCI34,34,SCI34_8_1,34,8,1,74.09514366,,
SCI34,34,SCI34_8_2,34,8,2,75.2916423,,
SCI34,34,SCI34_8_3,34,8,3,72.74360205,,
SCI34,34,SCI34_8_4,34,8,4,73.47614176,,
SCI34,34,SCI34_8_5,34,8,5,62.47876561,,
SCI34,34,SCI34_9_1,34,9,1,72.41338997,,
SCI34,34,SCI34_9_2,34,9,2,74.26077116,,
SCI34,34,SCI34_9_3,34,9,3,72.31901494,,
SCI34,34,SCI34_9_4,34,9,4,70.58372489,,
SCI34,34,SCI34_9_5,34,9,5,49.17219118,,
SCI35,35,SCI35_1_1,35,1,1,54.32165918,,
SCI35,35,SCI35_1_2,35,1,2,43.07547891,,
SCI35,35,SCI35_1_3,35,1,3,37.09056118,,
SCI35,35,SCI35_1_4,35,1,4,30.14421973,,
SCI35,35,SCI35_1_5,35,1,5,24.35070046,,
SCI35,35,SCI35_2_1,35,2,1,50.80258603,,
SCI35,35,SCI35_2_2,35,2,2,45.09453042,,
SCI35,35,SCI35_2_3,35,2,3,36.77348265,,
SCI35,35,SCI35_2_4,35,2,4,28.89042447,,
SCI35,35,SCI35_2_5,35,2,5,27.42690679,,
SCI35,35,SCI35_3_1,35,3,1,46.18019047,,
SCI35,35,SCI35_3_2,35,3,2,38.81509974,,
SCI35,35,SCI35_3_3,35,3,3,29.19434607,,
SCI35,35,SCI35_3_4,35,3,4,29.51892847,,
SCI35,35,SCI35_3_5,35,3,5,26.76375808,,
SCI35,35,SCI35_4_1,35,4,1,39.77367512,,
SCI35,35,SCI35_4_2,35,4,2,53.04639855,,
SCI35,35,SCI35_4_3,35,4,3,68.3200642,,
SCI35,35,SCI35_4_4,35,4,4,63.05044585,,
SCI35,35,SCI35_4_5,35,4,5,60.19955671,,
SCI35,35,SCI35_5_1,35,5,1,66.11577015,,
SCI35,35,SCI35_5_2,35,5,2,55.0264747,,
SCI35,35,SCI35_5_3,35,5,3,43.18323478,,
SCI35,35,SCI35_5_4,35,5,4,28.62624027,,
SCI35,35,SCI35_5_5,35,5,5,24.70013758,,
SCI35,35,SCI35_6_1,35,6,1,73.37592448,,
SCI35,35,SCI35_6_2,35,6,2,63.67041134,,
SCI35,35,SCI35_6_3,35,6,3,39.43373169,,
SCI35,35,SCI35_6_4,35,6,4,35.06344808,,
SCI35,35,SCI35_6_5,35,6,5,26.69055963,,
SCI35,35,SCI35_7_1,35,7,1,73.06893048,,
SCI35,35,SCI35_7_2,35,7,2,63.53609367,,
SCI35,35,SCI35_7_3,35,7,3,55.82315341,,
SCI35,35,SCI35_7_4,35,7,4,50.41164788,,
SCI35,35,SCI35_7_5,35,7,5,46.51586563,,
SCI35,35,SCI35_8_1,35,8,1,72.92506763,,
SCI35,35,SCI35_8_2,35,8,2,69.68411672,,
SCI35,35,SCI35_8_3,35,8,3,56.91831849,,
SCI35,35,SCI35_8_4,35,8,4,56.84471413,,
SCI35,35,SCI35_8_5,35,8,5,33.7432777,,
SCI35,35,SCI35_9_1,35,9,1,64.41613304,,
SCI35,35,SCI35_9_2,35,9,2,52.48520734,,
SCI35,35,SCI35_9_3,35,9,3,51.86975004,,
SCI35,35,SCI35_9_4,35,9,4,38.00435919,,
SCI35,35,SCI35_9_5,35,9,5,32.93581838,,
SCI36,36,SCI36_1_1,36,1,1,58.69102527,,
SCI36,36,SCI36_1_2,36,1,2,41.92344037,,
SCI36,36,SCI36_1_3,36,1,3,39.3090078,,
SCI36,36,SCI36_1_4,36,1,4,28.45628332,,
SCI36,36,SCI36_1_5,36,1,5,28.72667405,,
SCI36,36,SCI36_2_1,36,2,1,49.43154205,,
SCI36,36,SCI36_2_2,36,2,2,44.60006268,,
SCI36,36,SCI36_2_3,36,2,3,35.79432497,,
SCI36,36,SCI36_2_4,36,2,4,34.79931002,,
SCI36,36,SCI36_2_5,36,2,5,28.29987261,,
SCI36,36,SCI36_3_1,36,3,1,51.55795829,,
SCI36,36,SCI36_3_2,36,3,2,44.99793973,,
SCI36,36,SCI36_3_3,36,3,3,31.50852706,,
SCI36,36,SCI36_3_4,36,3,4,29.61064928,,
SCI36,36,SCI36_3_5,36,3,5,26.51174751,,
SCI36,36,SCI36_4_1,36,4,1,33.87787377,,
SCI36,36,SCI36_4_2,36,4,2,50.86768911,,
SCI36,36,SCI36_4_3,36,4,3,57.35121638,,
SCI36,36,SCI36_4_4,36,4,4,53.30856489,,
SCI36,36,SCI36_4_5,36,4,5,48.21933109,,
SCI36,36,SCI36_5_1,36,5,1,66.44771949,,
SCI36,36,SCI36_5_2,36,5,2,55.36041911,,
SCI36,36,SCI36_5_3,36,5,3,42.77324408,,
SCI36,36,SCI36_5_4,36,5,4,32.12381021,,
SCI36,36,SCI36_5_5,36,5,5,24.03095001,,
SCI36,36,SCI36_6_1,36,6,1,69.726924,,
SCI36,36,SCI36_6_2,36,6,2,65.90355273,,
SCI36,36,SCI36_6_3,36,6,3,42.97523607,,
SCI36,36,SCI36_6_4,36,6,4,43.44364549,,
SCI36,36,SCI36_6_5,36,6,5,31.19023211,,
SCI36,36,SCI36_7_1,36,7,1,68.45455155,,
SCI36,36,SCI36_7_2,36,7,2,66.29568798,,
SCI36,36,SCI36_7_3,36,7,3,65.43858181,,
SCI36,36,SCI36_7_4,36,7,4,57.65897998,,
SCI36,36,SCI36_7_5,36,7,5,45.69314803,,
SCI36,36,SCI36_8_1,36,8,1,69.45576898,,
SCI36,36,SCI36_8_2,36,8,2,69.90871069,,
SCI36,36,SCI36_8_3,36,8,3,58.53794944,,
SCI36,36,SCI36_8_4,36,8,4,55.77328919,,
SCI36,36,SCI36_8_5,36,8,5,30.80382627,,
SCI36,36,SCI36_9_1,36,9,1,67.68953996,,
SCI36,36,SCI36_9_2,36,9,2,66.56749443,,
SCI36,36,SCI36_9_3,36,9,3,60.58212483,,
SCI36,36,SCI36_9_4,36,9,4,37.78673831,,
SCI36,36,SCI36_9_5,36,9,5,44.56649332,,
SCI37,37,SCI37_1_1,37,1,1,62.02823108,,
SCI37,37,SCI37_1_2,37,1,2,44.85300035,,
SCI37,37,SCI37_1_3,37,1,3,39.72180613,,
SCI37,37,SCI37_1_4,37,1,4,27.45144346,,
SCI37,37,SCI37_1_5,37,1,5,23.49403923,,
SCI37,37,SCI37_2_1,37,2,1,53.25285778,,
SCI37,37,SCI37_2_2,37,2,2,44.4067497,,
SCI37,37,SCI37_2_3,37,2,3,37.03338728,,
SCI37,37,SCI37_2_4,37,2,4,30.72888916,,
SCI37,37,SCI37_2_5,37,2,5,26.79360094,,
SCI37,37,SCI37_3_1,37,3,1,53.34252456,,
SCI37,37,SCI37_3_2,37,3,2,35.87187529,,
SCI37,37,SCI37_3_3,37,3,3,32.29235518,,
SCI37,37,SCI37_3_4,37,3,4,28.21901355,,
SCI37,37,SCI37_3_5,37,3,5,27.64536974,,
SCI37,37,SCI37_4_1,37,4,1,33.27677252,,
SCI37,37,SCI37_4_2,37,4,2,50.75177995,,
SCI37,37,SCI37_4_3,37,4,3,66.68280989,,
SCI37,37,SCI37_4_4,37,4,4,60.24500345,,
SCI37,37,SCI37_4_5,37,4,5,63.62457134,,
SCI37,37,SCI37_5_1,37,5,1,61.82123581,,
SCI37,37,SCI37_5_2,37,5,2,57.47682409,,
SCI37,37,SCI37_5_3,37,5,3,42.43929917,,
SCI37,37,SCI37_5_4,37,5,4,31.58382518,,
SCI37,37,SCI37_5_5,37,5,5,24.44278256,,
SCI37,37,SCI37_6_1,37,6,1,67.93551281,,
SCI37,37,SCI37_6_2,37,6,2,61.83303908,,
SCI37,37,SCI37_6_3,37,6,3,40.92331492,,
SCI37,37,SCI37_6_4,37,6,4,36.23157458,,
SCI37,37,SCI37_6_5,37,6,5,27.44433253,,
SCI37,37,SCI37_7_1,37,7,1,73.43834229,,
SCI37,37,SCI37_7_2,37,7,2,59.13252872,,
SCI37,37,SCI37_7_3,37,7,3,53.85792757,,
SCI37,37,SCI37_7_4,37,7,4,46.03778595,,
SCI37,37,SCI37_7_5,37,7,5,42.12169504,,
SCI37,37,SCI37_8_1,37,8,1,70.96849091,,
SCI37,37,SCI37_8_2,37,8,2,67.21265232,,
SCI37,37,SCI37_8_3,37,8,3,65.28916292,,
SCI37,37,SCI37_8_4,37,8,4,57.30087416,,
SCI37,37,SCI37_8_5,37,8,5,28.89856964,,
SCI37,37,SCI37_9_1,37,9,1,69.87239113,,
SCI37,37,SCI37_9_2,37,9,2,65.21656495,,
SCI37,37,SCI37_9_3,37,9,3,59.5003499,,
SCI37,37,SCI37_9_4,37,9,4,42.55477576,,
SCI37,37,SCI37_9_5,37,9,5,34.27685035,,
SCI38,38,SCI38_1_1,38,1,1,55.46596125,,
SCI38,38,SCI38_1_2,38,1,2,39.13419232,,
SCI38,38,SCI38_1_3,38,1,3,39.81842771,,
SCI38,38,SCI38_1_4,38,1,4,29.93809459,,
SCI38,38,SCI38_1_5,38,1,5,24.31627014,,
SCI38,38,SCI38_2_1,38,2,1,63.65929517,,
SCI38,38,SCI38_2_2,38,2,2,52.80561035,,
SCI38,38,SCI38_2_3,38,2,3,48.34771277,,
SCI38,38,SCI38_2_4,38,2,4,41.44472776,,
SCI38,38,SCI38_2_5,38,2,5,35.22114618,,
SCI38,38,SCI38_3_1,38,3,1,63.29525659,,
SCI38,38,SCI38_3_2,38,3,2,52.04723644,,
SCI38,38,SCI38_3_3,38,3,3,46.63802033,,
SCI38,38,SCI38_3_4,38,3,4,35.15949278,,
SCI38,38,SCI38_3_5,38,3,5,35.58494059,,
SCI38,38,SCI38_4_1,38,4,1,29.82291526,,
SCI38,38,SCI38_4_2,38,4,2,49.02264193,,
SCI38,38,SCI38_4_3,38,4,3,65.23572291,,
SCI38,38,SCI38_4_4,38,4,4,55.73605144,,
SCI38,38,SCI38_4_5,38,4,5,49.65454735,,
SCI38,38,SCI38_5_1,38,5,1,66.52583082,,
SCI38,38,SCI38_5_2,38,5,2,56.74165391,,
SCI38,38,SCI38_5_3,38,5,3,44.82288304,,
SCI38,38,SCI38_5_4,38,5,4,26.62689082,,
SCI38,38,SCI38_5_5,38,5,5,22.13207762,,
SCI38,38,SCI38_6_1,38,6,1,70.89078392,,
SCI38,38,SCI38_6_2,38,6,2,63.98388607,,
SCI38,38,SCI38_6_3,38,6,3,57.29988967,,
SCI38,38,SCI38_6_4,38,6,4,44.4854154,,
SCI38,38,SCI38_6_5,38,6,5,44.21333738,,
SCI38,38,SCI38_7_1,38,7,1,72.16322756,,
SCI38,38,SCI38_7_2,38,7,2,58.86097116,,
SCI38,38,SCI38_7_3,38,7,3,49.75259233,,
SCI38,38,SCI38_7_4,38,7,4,50.10045867,,
SCI38,38,SCI38_7_5,38,7,5,39.25550415,,
SCI38,38,SCI38_8_1,38,8,1,68.88467392,,
SCI38,38,SCI38_8_2,38,8,2,49.43154781,,
SCI38,38,SCI38_8_3,38,8,3,38.53309869,,
SCI38,38,SCI38_8_4,38,8,4,30.56013632,,
SCI38,38,SCI38_8_5,38,8,5,24.91856208,,
SCI38,38,SCI38_9_1,38,9,1,64.20278454,,
SCI38,38,SCI38_9_2,38,9,2,59.13847507,,
SCI38,38,SCI38_9_3,38,9,3,53.10323168,,
SCI38,38,SCI38_9_4,38,9,4,31.60970334,,
SCI38,38,SCI38_9_5,38,9,5,32.26785211,,
SCI39,39,SCI39_1_1,39,1,1,59.96255971,,
SCI39,39,SCI39_1_2,39,1,2,37.21174756,,
SCI39,39,SCI39_1_3,39,1,3,40.2250223,,
SCI39,39,SCI39_1_4,39,1,4,25.91674558,,
SCI39,39,SCI39_1_5,39,1,5,28.80006095,,
SCI39,39,SCI39_2_1,39,2,1,54.79241345,,
SCI39,39,SCI39_2_2,39,2,2,43.63712877,,
SCI39,39,SCI39_2_3,39,2,3,39.1940438,,
SCI39,39,SCI39_2_4,39,2,4,35.36127472,,
SCI39,39,SCI39_2_5,39,2,5,33.06370693,,
SCI39,39,SCI39_3_1,39,3,1,48.72060763,,
SCI39,39,SCI39_3_2,39,3,2,40.39792083,,
SCI39,39,SCI39_3_3,39,3,3,35.17401745,,
SCI39,39,SCI39_3_4,39,3,4,29.25779225,,
SCI39,39,SCI39_3_5,39,3,5,26.99222069,,
SCI39,39,SCI39_4_1,39,4,1,38.24082148,,
SCI39,39,SCI39_4_2,39,4,2,47.40896999,,
SCI39,39,SCI39_4_3,39,4,3,67.32358852,,
SCI39,39,SCI39_4_4,39,4,4,58.36448447,,
SCI39,39,SCI39_4_5,39,4,5,66.24070096,,
SCI39,39,SCI39_5_1,39,5,1,57.92925284,,
SCI39,39,SCI39_5_2,39,5,2,49.1290107,,
SCI39,39,SCI39_5_3,39,5,3,43.72663296,,
SCI39,39,SCI39_5_4,39,5,4,28.78497343,,
SCI39,39,SCI39_5_5,39,5,5,22.6123067,,
SCI39,39,SCI39_6_1,39,6,1,70.52364872,,
SCI39,39,SCI39_6_2,39,6,2,61.27620961,,
SCI39,39,SCI39_6_3,39,6,3,42.73605546,,
SCI39,39,SCI39_6_4,39,6,4,37.97350154,,
SCI39,39,SCI39_6_5,39,6,5,26.03476808,,
SCI39,39,SCI39_7_1,39,7,1,70.51806013,,
SCI39,39,SCI39_7_2,39,7,2,62.20525265,,
SCI39,39,SCI39_7_3,39,7,3,52.18642499,,
SCI39,39,SCI39_7_4,39,7,4,50.36577369,,
SCI39,39,SCI39_7_5,39,7,5,36.90206927,,
SCI39,39,SCI39_8_1,39,8,1,75.04994601,,
SCI39,39,SCI39_8_2,39,8,2,67.83225316,,
SCI39,39,SCI39_8_3,39,8,3,63.89254437,,
SCI39,39,SCI39_8_4,39,8,4,55.95592695,,
SCI39,39,SCI39_8_5,39,8,5,37.37315234,,
SCI39,39,SCI39_9_1,39,9,1,66.71832689,,
SCI39,39,SCI39_9_2,39,9,2,67.91376452,,
SCI39,39,SCI39_9_3,39,9,3,65.27370307,,
SCI39,39,SCI39_9_4,39,9,4,45.29943591,,
SCI39,39,SCI39_9_5,39,9,5,35.50490953,,
SCI40,40,SCI40_1_1,40,1,1,52.65696193,,
SCI40,40,SCI40_1_2,40,1,2,43.67268857,,
SCI40,40,SCI40_1_3,40,1,3,40.28920862,,
SCI40,40,SCI40_1_4,40,1,4,30.78296607,,
SCI40,40,SCI40_1_5,40,1,5,27.72574636,,
SCI40,40,SCI40_2_1,40,2,1,62.20136074,,
SCI40,40,SCI40_2_2,40,2,2,47.02645924,,
SCI40,40,SCI40_2_3,40,2,3,45.10191558,,
SCI40,40,SCI40_2_4,40,2,4,39.10245183,,
SCI40,40,SCI40_2_5,40,2,5,32.80874005,,
SCI40,40,SCI40_3_1,40,3,1,57.18657496,,
SCI40,40,SCI40_3_2,40,3,2,46.13478696,,
SCI40,40,SCI40_3_3,40,3,3,40.22443996,,
SCI40,40,SCI40_3_4,40,3,4,37.66572732,,
SCI40,40,SCI40_3_5,40,3,5,35.89835176,,
SCI40,40,SCI40_4_1,40,4,1,35.75774691,,
SCI40,40,SCI40_4_2,40,4,2,47.77451135,,
SCI40,40,SCI40_4_3,40,4,3,61.27918494,,
SCI40,40,SCI40_4_4,40,4,4,57.93172408,,
SCI40,40,SCI40_4_5,40,4,5,44.39702414,,
SCI40,40,SCI40_5_1,40,5,1,69.12527108,,
SCI40,40,SCI40_5_2,40,5,2,58.90119704,,
SCI40,40,SCI40_5_3,40,5,3,43.2917526,,
SCI40,40,SCI40_5_4,40,5,4,38.29621632,,
SCI40,40,SCI40_5_5,40,5,5,26.52795061,,
SCI40,40,SCI40_6_1,40,6,1,74.71435934,,
SCI40,40,SCI40_6_2,40,6,2,69.64502354,,
SCI40,40,SCI40_6_3,40,6,3,60.60136151,,
SCI40,40,SCI40_6_4,40,6,4,50.19525059,,
SCI40,40,SCI40_6_5,40,6,5,44.05488086,,
SCI40,40,SCI40_7_1,40,7,1,75.07350702,,
SCI40,40,SCI40_7_2,40,7,2,63.57537143,,
SCI40,40,SCI40_7_3,40,7,3,54.45074355,,
SCI40,40,SCI40_7_4,40,7,4,50.6491177,,
SCI40,40,SCI40_7_5,40,7,5,48.50941718,,
SCI40,40,SCI40_8_1,40,8,1,74.21099944,,
SCI40,40,SCI40_8_2,40,8,2,63.88141662,,
SCI40,40,SCI40_8_3,40,8,3,62.37010406,,
SCI40,40,SCI40_8_4,40,8,4,57.04489794,,
SCI40,40,SCI40_8_5,40,8,5,40.03010123,,
SCI40,40,SCI40_9_1,40,9,1,66.65454912,,
SCI40,40,SCI40_9_2,40,9,2,59.86602981,,
SCI40,40,SCI40_9_3,40,9,3,58.99025418,,
SCI40,40,SCI40_9_4,40,9,4,44.23168107,,
SCI40,40,SCI40_9_5,40,9,5,36.5201724,,
